player,position,team,projected_points,avg_ppg_3yr,adp,adp_stdev,times_drafted,bye,ppg_trend,points_2025,games_2025,points_2024,games_2024,points_2023,games_2023
Josh Allen,QB,BUF,393.4,23.14,29.7,8.8,112,7,-0.31,364.6,16,379.0,16,392.6,17
Lamar Jackson,QB,BAL,342.6,20.15,55.6,6.7,99,13,-4.17,214.9,13,430.4,17,331.2,16
Jalen Hurts,QB,PHI,338.5,19.91,77.2,9.4,89,10,-2.17,301.1,16,315.1,15,356.8,17
Patrick Mahomes,QB,KC,322.8,18.99,102.9,12.2,78,5,2.86,285.2,14,282.5,16,280.2,16
Brock Purdy,QB,SF,320.7,18.86,88.5,11.0,24,8,1.23,177.4,9,266.9,15,295.6,16
Jahmyr Gibbs,RB,DET,317.3,18.67,1.5,0.7,185,6,4.91,328.4,17,336.9,17,216.1,15
Bo Nix,QB,DEN,309.6,18.21,110.4,15.4,61,10,17.93,304.8,17,316.7,17,0.0,0
Jayden Daniels,QB,WAS,308.9,18.17,72.4,8.7,35,7,16.33,114.3,7,355.8,17,0.0,0
Joe Burrow,QB,CIN,308.8,18.17,54.6,7.2,44,6,2.09,134.5,8,372.8,17,147.2,10
Jonathan Taylor,RB,IND,306.7,18.04,5.9,1.8,193,13,5.27,339.3,17,235.7,14,146.9,10
Bijan Robinson,RB,ATL,305.6,17.98,2.2,0.6,81,11,6.71,331.3,17,311.2,17,217.3,17
Jared Goff,QB,DET,304.7,17.92,97.6,12.9,62,6,0.47,297.1,17,324.0,17,289.1,17
Baker Mayfield,QB,TB,303.6,17.86,134.5,13.7,33,10,-0.13,271.9,17,365.8,17,274.1,17
Drake Maye,QB,NE,303.5,17.85,52.1,6.1,38,11,20.67,351.5,17,177.1,13,0.0,0
Christian McCaffrey,RB,SF,303.3,17.84,5.5,1.4,96,8,-0.86,365.6,17,40.3,4,357.8,16
Justin Herbert,QB,LAC,298.5,17.56,103.0,14.9,130,7,-0.04,286.9,16,285.4,17,233.7,13
Trevor Lawrence,QB,JAX,297.9,17.52,86.4,14.1,116,7,3.48,338.2,17,145.2,10,262.5,16
Matthew Stafford,QB,LA,297.1,17.48,72.7,7.1,46,11,4.4,350.4,17,214.6,16,243.1,15
Dak Prescott,QB,DAL,296.6,17.44,63.4,6.8,64,14,-1.71,313.8,17,116.5,8,342.8,17
Jaxson Dart,QB,NYG,293.3,17.26,125.9,11.6,75,8,17.26,241.6,14,0.0,0,0.0,0
Caleb Williams,QB,CHI,292.4,17.2,87.5,13.9,146,10,18.69,317.7,17,254.5,17,0.0,0
Puka Nacua,WR,LA,292.0,17.18,2.8,0.4,14,11,4.94,310.5,16,167.1,11,246.0,17
De'Von Achane,RB,MIA,286.3,16.84,10.5,2.6,62,6,1.97,289.3,16,260.9,17,177.2,11
Ja'Marr Chase,WR,CIN,284.2,16.72,3.9,1.0,196,6,2.4,251.1,16,339.5,17,212.7,16
Derrick Henry,RB,TEN,283.7,16.69,9.8,1.6,49,13,2.31,272.0,17,326.9,17,232.7,17
Kyler Murray,QB,ARI,283.1,16.66,129.1,13.0,49,6,-2.74,77.8,5,297.2,17,146.4,8
Jordan Love,QB,GB,274.8,16.16,142.5,12.6,41,11,-3.09,235.1,15,233.9,15,319.1,17
Saquon Barkley,RB,NYG,274.6,16.15,16.7,3.4,297,10,-1.12,213.8,16,338.8,16,202.7,14
Kyren Williams,RB,LA,269.4,15.85,29.7,4.0,104,11,-5.49,245.3,17,255.1,16,239.0,12
Amon-Ra St. Brown,WR,DET,267.0,15.71,7.9,1.6,137,6,-1.34,265.5,17,258.7,17,271.4,16
James Cook,RB,BUF,266.8,15.69,9.5,2.0,230,7,4.41,285.7,17,250.7,16,210.7,17
Joe Mixon,RB,CIN,260.5,15.32,,,,,-14.18,0.0,0,222.5,14,241.0,17
Justin Fields,QB,CHI,252.4,14.85,,,,,-1.86,142.7,9,119.1,10,230.2,13
C.J. Stroud,QB,HOU,252.1,14.83,161.0,7.4,8,8,-3.47,208.5,14,220.4,17,275.5,15
Daniel Jones,QB,NYG,251.6,14.8,160.3,9.3,13,13,7.93,226.4,13,135.3,10,57.0,6
Derek Carr,QB,NO,251.4,14.79,,,,,-14.18,0.0,0,150.9,10,241.1,17
Josh Jacobs,RB,LV,251.3,14.78,84.8,12.6,65,11,2.1,219.1,15,275.1,17,162.6,13
Cam Skattebo,RB,NYG,245.9,14.46,37.7,2.9,45,8,14.46,115.7,8,0.0,0,0.0,0
Tyler Shough,QB,NO,244.1,14.36,142.2,8.1,16,8,14.36,158.0,11,0.0,0,0.0,0
CeeDee Lamb,WR,DAL,243.2,14.31,12.1,2.1,84,14,-7.18,163.4,13,212.9,15,335.7,17
Jaxon Smith-Njigba,WR,SEA,237.6,13.98,5.9,1.2,76,11,10.71,300.4,17,203.0,17,118.3,17
Jeff Driskel,QB,CLE,237.0,13.94,,,,,-13.94,0.0,0,0.0,0,13.9,1
Rashee Rice,WR,KC,236.9,13.94,18.3,1.6,12,5,4.64,123.6,8,52.9,4,173.0,16
Tua Tagovailoa,QB,MIA,236.2,13.89,,,,,-4.42,160.7,14,181.6,11,270.4,17
Davante Adams,WR,LV,233.2,13.72,37.8,3.8,81,11,1.2,192.9,14,198.8,14,213.9,17
Joe Flacco,QB,CLE,233.2,13.72,,,,,-8.89,146.7,13,99.0,7,100.8,5
Nico Collins,WR,HOU,233.1,13.71,21.0,2.5,81,8,-1.98,190.7,15,176.6,12,220.4,15
Geno Smith,QB,SEA,230.0,13.53,,,,,-3.52,173.9,15,266.0,17,226.8,15
Easton Stick,QB,LAC,229.7,13.51,,,,,-13.51,0.0,0,0.0,0,67.6,5
Sam Darnold,QB,SF,227.0,13.35,152.7,9.0,23,11,11.51,235.4,17,308.0,17,23.4,10
Omarion Hampton,RB,LAC,226.1,13.3,22.5,4.1,286,7,13.3,119.7,9,0.0,0,0.0,0
Bryce Young,QB,CAR,222.5,13.09,,,,,3.85,218.0,16,195.0,14,156.4,16
A.J. Brown,WR,PHI,222.1,13.07,17.0,2.5,80,11,-1.83,181.3,15,183.4,13,236.6,17
Malik Nabers,WR,NYG,222.0,13.06,26.1,2.6,113,8,12.03,48.1,4,219.1,15,0.0,0
Drake London,WR,ATL,220.6,12.98,13.9,2.0,18,11,5.25,167.9,12,230.8,17,139.9,16
Tee Higgins,WR,CIN,218.4,12.84,35.1,4.0,70,6,2.42,182.1,15,185.6,12,116.6,12
Breece Hall,RB,NYJ,218.1,12.83,31.4,4.5,73,13,-3.0,189.7,16,212.4,16,252.5,17
Ashton Jeanty,RB,LV,217.6,12.8,23.1,3.8,86,13,12.8,217.6,17,0.0,0,0.0,0
Trey McBride,TE,ARI,216.6,12.74,42.8,8.6,129,14,6.58,252.9,17,188.3,16,141.0,17
Justin Jefferson,WR,MIN,216.1,12.71,13.1,2.7,127,6,-7.44,159.5,17,266.0,17,168.2,10
Chase Brown,RB,CIN,215.8,12.69,13.6,2.7,212,6,10.72,248.1,17,228.0,16,46.5,12
Bucky Irving,RB,TB,214.3,12.61,44.7,5.6,60,10,12.35,123.5,10,220.9,17,0.0,0
J.J. McCarthy,QB,MIN,213.1,12.54,,,,,12.54,125.4,10,0.0,0,0.0,0
Kirk Cousins,QB,MIN,212.4,12.49,,,,,-8.36,103.5,10,176.3,14,149.7,8
Marcus Mariota,QB,PHI,209.8,12.34,,,,,6.67,125.5,10,45.8,3,11.8,2
D'Andre Swift,RB,PHI,208.8,12.28,39.9,5.7,117,10,1.99,211.6,16,193.5,17,179.8,16
Russell Wilson,QB,DEN,208.1,12.24,,,,,-8.82,49.8,6,172.8,11,256.9,15
George Kittle,TE,SF,207.6,12.21,90.4,16.7,47,8,1.42,133.0,11,197.6,15,170.7,16
Jacoby Brissett,QB,WAS,207.1,12.18,172.1,6.2,13,14,4.82,227.4,14,45.2,7,22.9,2
Carson Wentz,QB,LA,207.0,12.17,,,,,-12.05,70.3,5,4.7,2,26.1,1
George Pickens,WR,PIT,206.9,12.17,19.9,2.8,51,14,4.01,245.4,17,134.9,14,177.3,17
Tyreek Hill,WR,MIA,206.7,12.16,,,,,-9.06,43.0,4,177.7,17,316.9,16
Deshaun Watson,QB,CLE,206.2,12.13,,,,,-14.47,0.0,0,76.7,7,86.8,6
Aaron Rodgers,QB,NYJ,205.9,12.11,,,,,14.16,226.6,16,256.6,17,0.0,1
James Conner,RB,ARI,205.6,12.09,,,,,-4.69,29.3,3,230.3,16,188.0,13
Brock Bowers,TE,LV,205.2,12.07,40.1,8.8,266,13,12.02,144.2,12,206.7,17,0.0,0
Kenneth Walker III,RB,SEA,204.6,12.04,20.3,3.6,312,5,-1.95,176.4,17,158.2,11,184.9,15
Travis Etienne,RB,JAX,202.0,11.88,36.7,3.8,97,8,-1.03,235.9,17,110.7,15,253.4,17
Alvin Kamara,RB,NO,201.3,11.84,151.9,23.9,17,8,-7.38,84.2,11,231.3,14,195.5,13
J.K. Dobbins,RB,BAL,200.8,11.81,78.4,8.5,92,10,0.34,110.4,10,175.8,13,10.7,1
David Montgomery,RB,DET,200.2,11.78,55.5,5.1,103,8,-5.12,154.9,17,203.7,14,199.2,14
Mike Evans,WR,TB,197.0,11.59,55.5,5.6,101,8,-5.57,69.8,8,203.4,14,243.0,17
Michael Penix Jr.,QB,ATL,196.3,11.55,,,,,13.36,120.3,9,44.1,5,0.0,0
Jameis Winston,QB,NO,194.4,11.44,,,,,12.27,42.8,3,131.1,11,12.0,6
Garrett Wilson,WR,NYJ,193.7,11.39,28.3,2.6,56,13,1.9,81.5,7,201.4,17,165.7,17
Chris Olave,WR,NO,192.1,11.3,22.2,2.3,42,8,1.89,218.0,16,60.7,8,187.8,16
Javonte Williams,RB,DEN,191.2,11.25,28.5,3.6,157,14,4.35,225.3,16,131.9,17,155.7,16
Courtland Sutton,WR,DEN,190.6,11.21,61.0,5.9,66,10,0.7,182.7,17,199.8,16,160.7,16
Quinshon Judkins,RB,CLE,190.4,11.2,50.0,4.9,75,11,11.2,156.8,14,0.0,0,0.0,0
Stefon Diggs,WR,BUF,190.3,11.2,100.9,10.9,94,7,-3.09,167.8,17,98.4,8,220.3,17
Rhamondre Stevenson,RB,NE,189.0,11.12,63.6,3.8,51,11,1.07,162.8,14,159.4,15,126.7,12
TreVeyon Henderson,RB,NE,188.7,11.1,65.2,5.4,37,11,11.1,188.7,17,0.0,0,0.0,0
Zay Flowers,WR,BAL,187.4,11.02,23.9,2.6,37,13,1.29,200.3,17,172.5,17,167.9,16
DeVonta Smith,WR,PHI,186.9,10.99,30.9,3.3,141,10,-2.09,163.3,17,165.4,13,187.1,16
Cam Ward,QB,TEN,186.7,10.98,,,,,10.98,186.7,17,0.0,0,0.0,0
Jeremiyah Love,RB,ARI,185.0,0.0,27.7,3.4,57,14,0.0,0.0,0,0.0,0,0.0,0
Terry McLaurin,WR,WAS,183.8,10.81,45.1,4.2,52,7,-0.11,95.2,10,226.8,17,163.7,17
DK Metcalf,WR,SEA,183.2,10.78,63.6,6.3,95,9,-1.51,157.7,15,158.2,15,192.4,16
RJ Harvey,RB,DEN,183.1,10.77,103.9,14.9,54,10,10.77,183.1,17,0.0,0,0.0,0
Mac Jones,QB,NE,182.3,10.73,,,,,2.15,130.0,11,96.1,10,106.4,11
Chris Godwin Jr.,WR,TB,182.1,10.71,78.4,7.5,186,10,-2.48,66.5,9,112.8,7,167.7,17
Tony Pollard,RB,DAL,181.0,10.65,69.6,4.8,56,9,-1.52,169.3,17,180.2,16,195.1,17
Shedeur Sanders,QB,CLE,180.4,10.61,,,,,10.61,84.9,8,0.0,0,0.0,0
Brian Thomas Jr.,WR,JAX,179.8,10.58,68.8,6.3,86,7,8.2,114.8,14,240.5,17,0.0,0
Philip Rivers,QB,IND,179.4,10.55,,,,,10.55,31.7,3,0.0,0,0.0,0
Ladd McConkey,WR,LAC,179.2,10.54,40.1,4.3,260,7,9.24,147.9,16,199.9,16,0.0,0
Jameson Williams,WR,DET,179.0,10.53,37.4,3.1,49,6,5.33,187.4,17,183.2,15,68.3,12
Tetairoa McMillan,WR,CAR,178.4,10.49,31.8,4.2,70,5,10.49,178.4,17,0.0,0,0.0,0
Will Levis,QB,TEN,177.5,10.44,,,,,-11.34,0.0,0,119.9,12,102.0,9
Spencer Rattler,QB,NO,177.1,10.42,,,,,10.96,98.6,9,67.3,7,0.0,0
Aaron Jones,RB,GB,177.1,10.42,101.5,17.6,41,6,-2.18,104.7,12,216.1,17,119.9,11
Keenan Allen,WR,LAC,176.5,10.39,145.3,11.3,19,13,-8.93,142.2,17,149.4,15,224.9,13
DJ Moore,WR,CHI,176.4,10.37,45.8,6.3,202,7,-5.37,147.2,17,189.1,17,238.5,17
Rico Dowdle,RB,DAL,176.2,10.37,79.0,9.0,64,9,6.39,196.8,17,178.3,16,83.0,16
Chuba Hubbard,RB,CAR,172.9,10.17,86.3,10.7,34,5,-2.23,110.4,15,220.1,15,163.0,17
Tank Dell,WR,HOU,172.9,10.17,,,,,-14.15,0.0,0,114.5,14,141.5,10
Jaylen Warren,RB,PIT,172.1,10.12,68.4,4.3,32,9,2.56,197.1,16,105.1,15,165.9,17
Jakobi Meyers,WR,LV,171.8,10.11,93.5,6.4,29,7,-2.8,138.3,16,174.5,15,183.1,16
Deebo Samuel Sr.,WR,SF,170.4,10.02,111.2,6.6,58,8,-4.73,152.2,16,130.1,15,213.7,15
Jordan Addison,WR,MIN,168.7,9.92,88.9,9.9,51,6,-2.81,114.1,14,181.0,15,186.3,17
Phil Mafah,RB,DAL,168.3,9.9,,,,,9.9,9.9,1,0.0,0,0.0,0
Rachaad White,RB,TB,166.6,9.8,128.0,16.2,30,7,-6.64,123.0,17,174.1,15,235.9,17
Tucker Kraft,TE,GB,166.4,9.79,104.5,20.0,68,11,8.15,101.2,8,138.3,17,63.0,14
Sam LaPorta,TE,DET,166.0,9.76,99.8,23.2,52,6,-1.89,86.9,9,144.6,16,196.3,17
Tyrod Taylor,QB,NYG,165.8,9.75,,,,,1.18,59.5,6,20.1,2,87.3,10
Jaylen Waddle,WR,MIA,164.6,9.68,45.1,6.1,215,10,-1.48,162.1,16,120.6,15,162.6,14
Emeka Egbuka,WR,TB,164.2,9.66,34.2,3.5,102,10,9.66,164.2,17,0.0,0,0.0,0
Darrell Henderson,RB,LA,163.6,9.62,,,,,-9.62,0.0,0,0.0,0,38.5,4
Quentin Johnston,WR,LAC,163.4,9.61,84.8,7.8,138,7,6.8,145.7,13,147.2,15,75.0,17
Zack Moss,RB,IND,162.9,9.58,,,,,-11.15,0.0,0,70.4,8,156.1,14
Michael Pittman,WR,IND,162.7,9.57,81.1,7.8,67,9,-2.8,162.4,17,131.3,16,197.7,16
Tyrone Tracy Jr.,RB,NYG,162.4,9.55,,,,,9.52,142.8,15,163.3,17,0.0,0
Travis Kelce,TE,KC,162.3,9.55,129.6,19.2,55,5,-2.4,155.2,17,146.9,16,172.9,15
Zach Charbonnet,RB,SEA,162.2,9.54,141.7,20.9,46,11,5.11,171.4,16,165.9,17,89.6,16
Malik Willis,QB,TEN,162.0,9.53,161.4,13.1,26,6,11.27,51.2,4,51.8,6,3.1,2
Christian Watson,WR,GB,161.9,9.52,53.0,6.1,128,11,1.79,114.9,10,90.8,14,87.3,9
Amari Cooper,WR,CLE,159.9,9.41,,,,,-12.73,0.0,0,100.7,13,191.0,15
Harold Fannin Jr.,TE,CLE,159.8,9.4,76.1,5.2,11,11,9.4,150.4,16,0.0,0,0.0,0
Tony Jones,RB,ARI,157.4,9.26,,,,,-4.78,0.0,0,11.5,1,28.7,6
Marvin Harrison Jr.,WR,ARI,157.4,9.26,66.0,7.3,116,14,8.94,107.3,12,165.5,17,0.0,0
Joe Milton III,QB,NE,157.1,9.24,,,,,2.58,10.3,4,19.2,1,0.0,0
Jauan Jennings,WR,SF,156.8,9.22,151.4,8.7,11,6,6.49,145.8,15,172.0,15,42.0,13
Dallas Goedert,TE,PHI,156.3,9.19,113.8,19.7,38,10,2.71,155.1,15,82.6,10,106.8,14
Wan'Dale Robinson,WR,NYG,156.2,9.19,92.9,7.5,67,9,3.86,171.9,16,136.2,17,103.2,15
Brandon Aiyuk,WR,SF,155.8,9.16,,,,,-13.23,0.0,0,49.9,7,211.7,16
Jayden Reed,WR,GB,155.6,9.15,85.3,7.9,71,11,-3.77,39.0,5,169.5,17,185.2,16
Alec Pierce,WR,IND,154.4,9.08,61.7,6.6,61,13,5.98,159.8,15,142.9,16,79.4,17
Rashid Shaheed,WR,NO,153.3,9.02,117.7,8.8,45,11,-1.91,127.1,18,71.8,6,134.6,15
Rome Odunze,WR,CHI,152.6,8.98,48.1,6.4,74,10,10.34,124.1,12,117.9,17,0.0,0
Kareem Hunt,RB,CLE,151.9,8.93,,,,,0.62,136.4,17,143.9,13,111.0,15
Tyler Huntley,QB,BAL,151.5,8.91,,,,,2.9,40.1,5,60.7,5,25.6,5
Ryan Tannehill,QB,TEN,151.2,8.89,,,,,-8.89,0.0,0,0.0,0,80.0,9
Tyler Warren,TE,IND,150.5,8.85,70.2,8.9,136,13,8.85,150.5,17,0.0,0,0.0,0
Kristian Wilkerson,WR,LV,149.6,8.8,,,,,0.0,0.0,0,8.8,1,0.0,0
Cooper Kupp,WR,LA,148.0,8.7,155.5,15.3,16,11,-5.44,92.8,16,141.5,12,134.9,12
Michael Wilson,WR,ARI,147.4,8.67,73.3,7.1,153,14,3.34,181.6,17,101.0,16,95.5,13
Romeo Doubs,WR,GB,145.0,8.53,96.4,12.1,47,11,0.1,137.9,16,109.1,13,144.9,17
Colston Loveland,TE,CHI,144.6,8.51,59.8,9.6,164,10,8.51,136.1,16,0.0,0,0.0,0
Anthony Richardson,QB,IND,142.4,8.38,,,,,-17.34,1.7,2,162.9,11,72.7,4
David Njoku,TE,CLE,142.4,8.38,,,,,-3.7,69.8,11,116.5,11,160.7,16
Woody Marks,RB,HOU,141.4,8.32,134.8,20.2,37,8,8.32,133.1,16,0.0,0,0.0,0
Khalil Shakir,WR,BUF,140.4,8.26,107.8,7.2,28,7,2.3,130.4,16,144.5,15,93.6,16
Darren Waller,TE,NYG,139.5,8.21,,,,,1.26,76.7,9,0.0,0,87.2,12
Mark Andrews,TE,BAL,139.3,8.19,135.1,17.5,26,13,-5.0,107.0,17,161.3,17,112.9,10
Quinn Ewers,QB,MIA,138.9,8.17,,,,,8.17,32.7,4,0.0,0,0.0,0
Alexander Mattison,RB,MIN,138.5,8.15,,,,,-7.39,0.0,0,119.4,14,118.2,16
Josh Downs,WR,IND,138.3,8.14,97.9,11.4,94,13,-0.4,109.4,16,147.5,14,123.1,17
Kyle Pitts,TE,ATL,137.8,8.1,94.5,14.6,40,11,3.29,166.8,17,107.7,17,110.8,17
Kyle Monangai,RB,CHI,137.7,8.1,103.5,10.9,46,10,8.1,137.7,17,0.0,0,0.0,0
Hunter Henry,TE,NE,135.8,7.99,158.9,20.2,15,11,1.15,148.8,17,112.4,16,98.9,13
Jacory Croskey-Merritt,RB,WAS,135.8,7.99,103.3,12.4,120,7,7.99,135.8,17,0.0,0,0.0,0
Jimmy Garoppolo,QB,LV,135.7,7.98,,,,,-9.49,-1.0,3,19.9,1,64.1,7
Joshua Dobbs,QB,MIN,135.6,7.98,,,,,-14.91,2.1,4,30.8,2,200.7,13
Tommy DeVito,QB,NYG,135.3,7.96,,,,,-10.39,0.0,0,13.5,2,93.5,9
Calvin Ridley,WR,JAX,134.8,7.93,134.6,20.6,13,9,-5.75,38.8,7,167.2,17,191.9,17
Jerry Jeudy,WR,DEN,133.5,7.85,127.8,7.8,15,11,-1.55,95.7,17,195.9,17,114.8,16
Tanner McKee,QB,PHI,133.1,7.83,,,,,3.44,13.8,4,28.8,2,0.0,0
Aidan O'Connell,QB,LV,131.9,7.76,,,,,-6.66,4.8,1,93.5,9,125.8,11
Xavier Worthy,WR,KC,131.8,7.75,95.1,9.2,62,5,6.35,88.9,14,157.7,16,0.0,0
Austin Ekeler,RB,LAC,131.6,7.74,,,,,-6.12,10.6,2,114.8,12,159.9,14
Isiah Pacheco,RB,KC,130.9,7.7,,,,,-7.72,77.8,13,50.9,7,191.9,14
Diontae Johnson,WR,PIT,130.2,7.66,,,,,-9.78,0.0,0,72.6,11,127.2,13
Jadarian Price,RB,SEA,130.0,0.0,56.2,7.5,165,11,0.0,0.0,0,0.0,0,0.0,0
Dalton Kincaid,TE,BUF,130.0,7.65,145.2,18.0,41,7,1.77,106.6,12,78.8,13,113.8,16
Zach Ertz,TE,ARI,129.9,7.64,,,,,2.34,101.4,13,144.4,17,38.2,7
Theo Wease Jr.,WR,MIA,129.8,7.63,,,,,7.63,22.9,3,0.0,0,0.0,0
Ricky Pearsall,WR,SF,128.2,7.54,,,,,7.84,70.6,9,78.0,11,0.0,0
Jake Browning,QB,CIN,127.6,7.51,,,,,-6.25,48.7,5,-0.2,2,143.9,9
Jake Ferguson,TE,DAL,127.5,7.5,146.5,28.4,27,14,0.32,147.1,17,74.9,14,141.6,17
Parker Washington,WR,JAX,126.6,7.44,62.9,6.6,281,7,5.83,155.7,16,81.0,14,31.2,8
Tyrell Shavers,WR,BUF,126.4,7.43,,,,,3.45,38.0,11,13.4,1,0.0,0
Tyjae Spears,RB,TEN,126.2,7.42,144.6,10.1,7,9,-0.66,89.2,13,98.6,12,127.8,17
Kenny Gainwell,RB,PHI,125.2,7.36,108.0,15.1,42,10,5.72,184.8,17,54.6,17,82.4,16
Juwan Johnson,TE,NO,124.9,7.35,149.0,20.1,25,8,2.22,141.4,17,97.8,15,79.3,13
Gus Edwards,RB,BAL,124.8,7.34,,,,,-10.65,0.0,0,62.6,11,181.0,17
Tory Horton,WR,SEA,124.5,7.32,,,,,7.32,58.6,8,0.0,0,0.0,0
Jordan Mason,RB,SF,124.1,7.3,112.7,15.2,146,6,4.92,121.9,16,109.5,12,43.2,16
Brian Robinson,RB,WAS,123.9,7.29,165.9,22.9,8,11,-8.57,58.5,17,149.8,14,180.1,15
Marquise Brown,WR,ARI,122.5,7.2,,,,,-1.32,113.2,16,13.6,2,109.2,13
Jalen McMillan,WR,TB,122.1,7.18,132.2,8.7,37,10,5.97,23.9,4,116.9,13,0.0,0
Dalton Schultz,TE,HOU,121.8,7.16,,,,,-0.03,136.7,17,91.7,17,121.0,15
Keon Coleman,WR,BUF,121.6,7.15,,,,,6.95,83.4,12,97.0,13,0.0,0
Mason Rudolph,QB,PIT,121.4,7.14,,,,,-6.89,15.0,5,95.8,8,39.6,4
Oronde Gadsden II,TE,LAC,121.2,7.13,,,,,7.13,106.9,15,0.0,0,0.0,0
Najee Harris,RB,PIT,121.0,7.12,,,,,-7.28,10.1,3,186.6,17,181.0,17
Davis Mills,QB,HOU,120.9,7.11,,,,,7.87,68.6,6,9.6,4,17.8,5
Michael Carter,RB,ARI,120.0,7.06,,,,,3.23,82.5,13,30.3,3,46.8,15
Michael Thomas,WR,NO,119.5,7.03,,,,,-7.03,0.0,0,0.0,0,70.3,10
Nick Chubb,RB,CLE,119.3,7.02,,,,,-5.1,81.8,15,60.8,8,21.1,2
T.J. Hockenson,TE,MIN,119.3,7.02,139.2,36.0,5,6,-5.61,87.3,15,66.0,10,171.5,15
Dillon Gabriel,QB,CLE,119.1,7.01,,,,,7.01,70.1,10,0.0,0,0.0,0
Bailey Zappe,QB,NE,118.5,6.97,,,,,-6.92,0.0,0,7.0,1,69.2,10
Luther Burden III,WR,CHI,118.3,6.96,51.3,5.8,77,10,6.96,104.4,15,0.0,0,0.0,0
Desmond Ridder,QB,ATL,116.4,6.85,,,,,-11.78,0.0,0,21.9,5,176.6,15
A.T. Perry,WR,NO,116.0,6.83,,,,,-6.83,0.0,0,0.0,0,54.6,8
Jalen Coker,WR,CAR,115.9,6.81,114.4,8.5,34,5,6.72,73.9,11,76.6,11,0.0,0
Tre Tucker,WR,LV,115.4,6.79,131.0,11.1,33,13,3.04,133.2,17,105.8,17,62.3,13
Pat Freiermuth,TE,PIT,114.4,6.73,,,,,0.68,93.1,15,137.8,17,60.8,11
Mike Williams,WR,LAC,114.4,6.73,,,,,-13.57,0.0,0,46.3,14,40.7,3
Adam Thielen,WR,CAR,113.6,6.68,,,,,-8.41,30.1,14,115.5,10,179.5,17
Cade Otton,TE,TB,113.3,6.67,,,,,0.59,92.7,15,111.1,14,95.0,17
Tyler Allgeier,RB,ATL,112.7,6.63,155.9,15.5,35,14,-0.74,116.0,17,99.7,17,128.6,17
Evan Engram,TE,JAX,111.8,6.57,,,,,-5.33,77.8,16,66.0,9,173.3,17
D.J. Montgomery,WR,IND,111.3,6.55,,,,,-6.55,0.0,0,0.0,0,13.1,2
Jawhar Jordan,RB,HOU,111.3,6.55,,,,,6.55,26.2,4,0.0,0,0.0,0
Taysom Hill,TE,NO,110.6,6.5,,,,,-5.15,36.3,13,90.8,8,127.0,16
Audric Estimé,RB,DEN,110.1,6.47,,,,,8.42,42.1,5,46.2,13,0.0,0
Andy Dalton,QB,CAR,109.4,6.44,,,,,-9.44,9.5,4,59.0,6,23.6,2
Troy Franklin,WR,DEN,109.3,6.43,,,,,8.51,144.6,17,53.1,16,0.0,0
Jonnu Smith,TE,ATL,109.1,6.42,,,,,-1.94,66.2,17,178.3,17,99.2,17
Jayden Higgins,WR,HOU,109.0,6.41,,,,,6.41,109.0,17,0.0,0,0.0,0
Kimani Vidal,RB,LAC,109.0,6.41,,,,,8.45,109.9,13,30.2,9,0.0,0
Tyler Higbee,TE,LA,108.6,6.39,,,,,0.19,58.6,10,22.6,3,85.0,15
Devin Singletary,RB,HOU,107.8,6.34,,,,,-3.09,99.8,17,86.1,15,152.3,17
Darnell Mooney,WR,CHI,107.5,6.32,,,,,-0.11,66.3,15,161.2,16,63.4,14
La'Mical Perine,RB,KC,106.2,6.25,,,,,-6.25,0.0,0,0.0,0,12.5,2
Kayshon Boutte,WR,NE,106.0,6.24,150.1,14.6,21,8,6.72,107.6,14,100.4,15,2.9,3
Devaughn Vele,WR,DEN,106.0,6.23,,,,,5.98,53.8,9,86.0,13,0.0,0
Logan Thomas,TE,WAS,105.5,6.21,,,,,-6.21,0.0,0,0.0,0,99.3,16
Riley Leonard,QB,IND,105.4,6.2,,,,,6.2,31.0,5,0.0,0,0.0,0
Theo Johnson,TE,NYG,104.7,6.16,,,,,7.02,105.3,15,53.6,11,0.0,0
Mitchell Trubisky,QB,PIT,104.5,6.15,,,,,-1.96,31.1,4,15.3,8,48.7,5
Chimere Dike,WR,TEN,104.1,6.12,,,,,6.12,104.1,17,0.0,0,0.0,0
Justice Hill,RB,BAL,103.5,6.09,,,,,-0.49,54.7,10,106.1,15,95.3,16
Christian Kirk,WR,JAX,103.3,6.08,,,,,-6.16,43.9,11,57.4,8,121.8,12
Sincere McCormick,RB,LV,102.8,6.05,,,,,0.0,0.0,0,24.2,4,0.0,0
Elic Ayomanor,WR,TEN,102.0,6.0,,,,,6.0,96.0,16,0.0,0,0.0,0
Darius Slayton,WR,NYG,101.8,5.99,,,,,-1.68,80.3,14,90.5,16,126.0,17
Jerick McKinnon,RB,KC,101.8,5.99,,,,,-5.99,0.0,0,0.0,0,71.9,12
AJ Barner,TE,SEA,101.6,5.97,,,,,7.14,121.3,17,63.5,15,0.0,0
DeAndre Hopkins,WR,TEN,101.2,5.95,,,,,-7.65,56.0,17,119.0,16,186.1,17
Brenton Strange,TE,JAX,100.9,5.94,160.6,27.5,7,7,6.2,95.0,12,71.1,14,12.0,7
Chris Rodriguez Jr.,RB,WAS,100.8,5.93,157.4,18.4,31,7,3.44,90.5,12,31.0,7,36.9,9
DeMario Douglas,WR,NE,100.0,5.88,,,,,-0.89,80.3,16,114.7,16,82.7,14
Trey Benson,RB,ARI,98.6,5.8,,,,,7.22,28.9,4,44.0,12,0.0,0
Jerome Ford,RB,CLE,98.3,5.78,,,,,-8.78,30.6,13,115.5,14,189.2,17
Kendrick Bourne,WR,NE,97.7,5.75,,,,,-4.93,73.6,14,51.1,12,81.5,8
Devin Neal,RB,NO,97.3,5.72,,,,,5.72,51.5,9,0.0,0,0.0,0
Brady Cook,QB,NYJ,96.8,5.69,,,,,5.69,28.5,5,0.0,0,0.0,0
Rashod Bateman,WR,BAL,95.3,5.61,142.3,12.6,20,13,-0.5,45.9,13,152.1,16,60.5,15
Miles Sanders,RB,CAR,95.0,5.59,,,,,1.04,22.7,4,65.3,11,74.1,16
Bub Means,WR,NO,94.8,5.58,,,,,0.0,0.0,0,22.3,4,0.0,0
Bhayshul Tuten,RB,JAX,94.7,5.57,52.0,5.7,107,7,5.57,83.6,15,0.0,0,0.0,0
Xavier Legette,WR,CAR,94.4,5.55,,,,,4.79,71.8,15,100.6,15,0.0,0
Tay Martin,WR,TEN,94.3,5.55,,,,,1.65,3.3,2,11.4,1,0.0,0
Quez Watkins,WR,PHI,94.2,5.54,,,,,-5.54,0.0,0,0.0,0,27.7,5
Cole Kmet,TE,CHI,93.8,5.52,,,,,-5.06,63.7,16,96.9,16,144.6,16
Chig Okonkwo,TE,TEN,93.4,5.5,,,,,0.56,96.0,17,87.6,16,86.4,17
Colby Parkinson,TE,SEA,92.9,5.46,,,,,4.46,108.3,14,50.4,16,49.2,15
Bam Knight,RB,DET,92.5,5.44,,,,,5.53,81.9,12,0.0,0,2.6,2
Trevor Siemian,QB,NYJ,91.7,5.39,,,,,-5.39,0.0,0,0.0,0,27.0,5
Raheem Mostert,RB,MIA,91.5,5.38,,,,,-15.06,23.4,12,61.4,13,255.2,15
Marvin Mims Jr.,WR,DEN,91.3,5.37,,,,,1.12,76.5,15,110.0,17,63.7,16
Demarcus Robinson,WR,LA,91.0,5.35,,,,,-5.93,47.2,14,108.0,17,74.4,8
Mack Hollins,WR,ATL,90.7,5.34,,,,,3.62,90.4,14,83.3,17,34.1,12
Isaiah Likely,TE,BAL,90.4,5.32,132.8,20.4,166,8,-2.13,48.2,12,102.7,15,86.1,14
Dontayvion Wicks,WR,GB,89.0,5.24,165.2,12.8,8,10,-2.01,60.8,13,91.0,17,100.3,15
Tez Johnson,WR,TB,88.9,5.23,,,,,5.23,78.4,15,0.0,0,0.0,0
Gardner Minshew,QB,IND,88.6,5.21,,,,,-12.34,-0.3,4,96.3,10,196.2,16
Ezekiel Elliott,RB,NE,88.6,5.21,,,,,-8.76,0.0,0,51.5,15,149.0,17
Mike Gesicki,TE,NE,88.4,5.2,,,,,1.33,56.7,12,109.0,16,50.9,15
Mason Taylor,TE,NYJ,87.5,5.15,,,,,5.15,66.9,13,0.0,0,0.0,0
Jimmy Graham,TE,NO,87.5,5.15,,,,,-5.15,0.0,0,0.0,0,30.9,6
D'Onta Foreman,RB,CHI,87.5,5.15,,,,,-9.52,0.0,0,29.6,10,85.7,9
Josh Palmer,WR,LAC,87.3,5.14,,,,,-5.33,41.3,12,87.9,15,87.7,10
Andrei Iosivas,WR,CIN,86.7,5.1,,,,,0.98,73.4,15,101.9,17,43.1,11
Antonio Gibson,RB,WAS,86.7,5.1,,,,,-2.02,22.2,5,91.9,17,103.4,16
Drew Lock,QB,SEA,85.8,5.05,,,,,-7.25,0.1,3,80.1,7,29.1,4
Cedric Tillman,WR,CLE,85.2,5.01,,,,,1.06,49.5,12,65.9,9,33.7,11
Rondale Moore,WR,ARI,85.0,5.0,,,,,-5.0,0.0,0,0.0,0,85.0,17
Calvin Austin III,WR,PIT,85.0,5.0,,,,,2.29,70.7,14,102.8,17,44.2,16
Tyler Lockett,WR,SEA,84.9,4.99,,,,,-6.58,51.1,17,96.5,17,162.9,17
Salvon Ahmed,RB,MIA,84.8,4.99,,,,,-4.99,0.0,0,0.0,0,34.9,7
Gabe Davis,WR,BUF,84.7,4.99,,,,,-4.53,24.9,6,43.9,10,138.9,16
Blake Corum,RB,LA,84.5,4.97,115.3,17.1,169,11,6.95,118.2,17,30.0,15,0.0,0
Latavius Murray,RB,BUF,84.3,4.96,,,,,-4.96,0.0,0,0.0,0,74.4,15
Kevin Harris,RB,NE,84.2,4.95,,,,,-4.95,0.0,0,0.0,0,19.8,4
Josh Johnson,QB,BAL,84.2,4.95,,,,,8.13,24.4,3,0.8,4,0.0,0
Brandin Cooks,WR,DAL,84.1,4.94,,,,,-6.07,39.9,13,56.6,10,146.2,16
Taylor Heinicke,QB,ATL,83.6,4.92,,,,,-13.2,0.0,0,3.1,4,66.0,5
Case Keenum,QB,HOU,82.8,4.87,,,,,-4.87,0.0,0,0.0,0,9.7,2
Noah Brown,WR,HOU,82.5,4.85,,,,,-5.81,10.8,4,68.8,11,85.1,10
Isaac TeSlaa,WR,DET,82.5,4.85,182.4,7.2,5,6,4.85,67.9,14,0.0,0,0.0,0
Brittain Brown,RB,CHI,82.4,4.85,,,,,4.85,9.7,2,0.0,0,0.0,0
Jalen Nailor,WR,MIN,81.6,4.8,150.3,7.9,12,13,3.6,86.2,17,91.0,15,4.4,3
Tyler Boyd,WR,CIN,81.5,4.8,,,,,-6.55,0.0,0,58.8,15,111.3,17
Noah Fant,TE,SEA,81.0,4.77,,,,,0.62,57.8,13,80.0,14,57.4,15
Emanuel Wilson,RB,GB,80.9,4.76,,,,,2.56,87.0,17,90.5,17,12.8,5
Ty Johnson,RB,BUF,80.8,4.75,,,,,1.98,88.3,17,82.7,17,28.9,9
Olamide Zaccheaus,WR,PHI,80.8,4.75,,,,,1.63,65.3,14,91.9,16,33.4,11
Dylan Sampson,RB,CLE,80.6,4.74,175.6,13.5,5,11,4.74,71.1,15,0.0,0,0.0,0
Ainias Smith,WR,PHI,80.5,4.73,,,,,0.0,0.0,0,14.2,3,0.0,0
Donald Parham,TE,LAC,80.1,4.71,,,,,-4.71,0.0,0,0.0,0,66.0,14
Raheim Sanders,RB,CLE,79.9,4.7,,,,,4.7,18.8,4,0.0,0,0.0,0
KaVontae Turpin,WR,DAL,79.6,4.68,,,,,1.41,71.5,15,88.7,17,53.7,16
Tank Bigsby,RB,JAX,79.4,4.67,167.6,27.9,16,10,1.62,52.3,15,125.5,16,24.3,13
Jalen Tolbert,WR,DAL,79.0,4.65,,,,,-0.45,37.3,12,127.5,17,49.8,14
Ray Davis,RB,BUF,78.5,4.62,,,,,3.48,59.1,17,107.6,17,0.0,0
Tutu Atwell,WR,LA,78.2,4.6,,,,,-3.11,28.2,8,77.9,15,92.9,14
Kendre Miller,RB,NO,78.0,4.59,,,,,-1.07,30.8,7,26.6,6,38.3,7
Albert Okwuegbunam,TE,PHI,77.8,4.57,,,,,6.1,6.1,1,0.0,0,0.0,1
Samaje Perine,RB,DEN,77.8,4.58,,,,,-1.04,69.4,15,67.4,17,96.3,17
Jake Tonges,TE,SF,77.8,4.58,,,,,7.63,76.3,10,0.0,2,0.0,0
Allen Lazard,WR,NYJ,77.6,4.56,,,,,-1.47,18.0,9,107.5,12,48.6,14
Malik Washington,WR,MIA,77.5,4.56,148.4,12.8,26,6,5.51,93.7,17,43.8,14,0.0,0
Pat Bryant,WR,DEN,77.5,4.56,,,,,4.56,59.3,13,0.0,0,0.0,0
Dawson Knox,TE,BUF,77.4,4.55,,,,,1.0,85.7,16,48.1,14,43.6,10
Melvin Gordon,RB,BAL,77.3,4.55,,,,,-4.55,0.0,0,0.0,0,18.2,4
Tyler Johnson,WR,LA,76.8,4.52,,,,,-4.28,31.7,9,48.1,11,7.8,1
Jaleel McLaughlin,RB,DEN,76.5,4.5,,,,,-1.65,29.4,8,85.2,16,90.5,17
Sam Howell,QB,WAS,76.2,4.48,,,,,-15.12,0.0,0,-0.8,1,257.0,17
Greg Dortch,WR,ARI,76.2,4.48,,,,,1.77,60.6,12,71.8,17,52.5,16
Michael Gallup,WR,DAL,75.2,4.42,,,,,-4.42,0.0,0,0.0,0,70.8,16
Jacob Kibodi,RB,CLE,74.8,4.4,,,,,0.0,0.0,0,4.4,1,0.0,0
Gunnar Helm,TE,TEN,74.1,4.36,,,,,4.36,69.7,16,0.0,0,0.0,0
David Bell,WR,CLE,73.9,4.34,,,,,-4.63,0.0,0,4.2,1,41.7,9
Ryan Flournoy,WR,DAL,73.9,4.35,166.7,6.8,9,14,6.27,94.0,15,13.2,9,0.0,0
Sterling Shepard,WR,NYG,73.8,4.34,,,,,3.08,62.5,13,64.3,13,17.3,10
Carnell Tate,WR,TEN,73.5,0.0,77.0,6.2,165,9,0.0,0.0,0,0.0,0,0.0,0
Nick Westbrook-Ikhine,WR,TEN,73.3,4.31,,,,,-4.35,14.4,13,119.7,14,71.0,13
Tim Boyle,QB,NYJ,73.3,4.31,,,,,-3.63,0.0,0,13.9,3,10.9,3
Emari Demercado,RB,ARI,73.2,4.31,,,,,-1.39,51.8,12,46.7,13,62.8,11
DeVante Parker,WR,NE,73.1,4.3,,,,,-4.3,0.0,0,0.0,0,55.9,13
Kevin Austin Jr.,WR,NO,72.3,4.25,,,,,5.3,26.5,5,21.5,8,0.0,0
Terrance Ferguson,TE,LA,72.0,4.24,173.0,23.7,8,11,4.24,46.6,11,0.0,0,0.0,0
Josh Reynolds,WR,DET,71.8,4.22,,,,,-3.28,17.6,5,31.9,8,108.8,16
Hunter Renfrow,WR,LV,71.3,4.19,,,,,2.16,28.4,6,0.0,0,36.0,14
DJ Chark,WR,CAR,71.1,4.18,,,,,-7.0,0.0,0,11.1,4,98.0,14
Elijah Moore,WR,CLE,71.1,4.18,,,,,-3.73,24.1,9,90.4,17,102.6,16
Royce Freeman,RB,LA,70.6,4.15,,,,,-4.15,0.0,0,0.0,0,45.7,11
Sean Tucker,RB,TB,69.1,4.06,,,,,3.74,87.4,17,64.2,17,4.2,3
Tim Patrick,WR,DET,69.1,4.06,,,,,3.4,44.2,13,75.9,15,0.0,0
Tyler Conklin,TE,NYJ,69.1,4.07,,,,,-3.15,13.8,6,96.4,16,92.6,17
Keaton Mitchell,RB,BAL,68.7,4.04,148.3,17.5,6,7,-5.43,50.9,13,6.3,4,65.4,7
Josh Oliver,TE,MIN,68.7,4.04,,,,,0.7,47.5,12,54.8,12,42.3,13
Jaret Patterson,RB,LAC,68.6,4.03,,,,,4.03,24.2,6,0.0,0,0.0,0
PJ Walker,QB,CLE,67.9,3.99,,,,,-3.99,0.0,0,0.0,0,20.0,5
Jaydon Blue,RB,DAL,67.7,3.98,,,,,3.98,19.9,5,0.0,0,0.0,0
Matthew Golden,WR,GB,67.4,3.96,96.0,8.6,68,11,3.96,55.5,14,0.0,0,0.0,0
Jahdae Walker,WR,CHI,67.1,3.95,,,,,3.95,23.7,6,0.0,0,0.0,0
Austin Hooper,TE,LV,67.0,3.94,,,,,1.51,48.8,13,86.1,17,35.9,16
Kalif Raymond,WR,DET,67.0,3.94,,,,,-1.05,54.8,15,48.0,12,79.9,17
Skylar Thompson,QB,MIA,67.0,3.94,,,,,0.0,0.0,0,7.9,2,0.0,0
Curtis Samuel,WR,WAS,66.8,3.93,,,,,-4.95,17.6,6,48.2,14,126.2,16
Braelon Allen,RB,NYJ,66.7,3.93,155.2,26.4,6,13,3.58,14.3,4,75.7,17,0.0,0
Shane Buechele,QB,KC,66.6,3.92,,,,,3.92,3.9,1,0.0,0,0.0,0
Tyquan Thornton,WR,NE,66.5,3.91,,,,,3.64,71.3,12,6.7,4,20.7,9
Julio Jones,WR,PHI,65.7,3.86,,,,,-3.86,0.0,0,0.0,0,30.9,8
John Metchie III,WR,HOU,65.7,3.87,,,,,2.53,55.4,13,43.4,10,24.2,14
Zay Jones,WR,JAX,65.4,3.85,,,,,-2.74,24.3,6,12.4,6,61.1,9
Luke McCaffrey,WR,WAS,65.4,3.85,,,,,5.09,45.8,9,25.8,13,0.0,0
Kenny Pickett,QB,PIT,65.4,3.85,,,,,-7.9,7.7,6,25.1,5,110.2,12
Tanner Hudson,TE,CIN,65.1,3.83,,,,,-1.23,38.3,10,29.0,9,60.7,12
Jaylen Wright,RB,MIA,65.0,3.82,,,,,5.08,45.7,9,25.2,13,0.0,0
Nelson Agholor,WR,BAL,64.9,3.82,,,,,-4.97,0.0,0,42.1,13,79.6,16
Ameer Abdullah,RB,LV,64.9,3.82,,,,,0.33,29.9,13,105.2,15,31.5,16
Lil'Jordan Humphrey,WR,DEN,64.4,3.79,,,,,0.31,28.1,7,48.8,14,40.7,11
Marquez Valdes-Scantling,WR,KC,64.4,3.79,,,,,-0.1,25.0,9,75.0,13,46.0,16
Jamison Crowder,WR,WAS,64.3,3.78,,,,,-1.87,0.0,0,23.7,5,29.9,16
Devontez Walker,WR,BAL,63.6,3.74,,,,,4.33,34.6,8,8.6,3,0.0,0
Tommy Tremble,TE,CAR,63.2,3.72,,,,,0.1,50.4,15,44.9,10,48.9,15
JuJu Smith-Schuster,WR,NE,63.2,3.72,,,,,-0.87,57.0,17,44.1,11,46.5,11
Michael Mayer,TE,LV,62.9,3.7,,,,,-0.12,56.3,13,26.1,11,57.9,13
Cam Akers,RB,MIN,62.5,3.67,,,,,-4.09,7.2,4,86.2,16,41.2,7
Adonai Mitchell,WR,IND,62.4,3.67,159.8,12.2,8,13,4.46,71.4,16,42.3,17,0.0,0
Roman Wilson,WR,PIT,61.6,3.62,,,,,3.62,32.6,9,0.0,0,0.0,0
K.J. Osborn,WR,MIN,60.9,3.58,,,,,-6.4,0.0,0,15.2,7,96.0,15
Chris Conley,WR,SF,60.9,3.59,,,,,-8.4,0.0,0,10.6,9,8.4,1
C.J. Beathard,QB,JAX,60.8,3.58,,,,,-3.58,0.0,0,0.0,0,21.5,6
Isaiah Davis,RB,NYJ,60.4,3.55,,,,,3.79,60.7,16,41.4,13,0.0,0
Greg Dulcich,TE,DEN,60.2,3.54,,,,,3.53,49.8,9,5.3,4,4.0,2
Noah Gray,TE,KC,60.2,3.54,,,,,-1.52,28.3,14,93.3,16,56.6,16
Van Jefferson,WR,ATL,59.5,3.5,,,,,1.73,55.5,14,51.6,15,31.3,14
Quentin Skinner,WR,NYJ,59.5,3.5,,,,,3.5,3.5,1,0.0,0,0.0,0
Jordan Akins,TE,CLE,59.3,3.49,,,,,-1.59,0.0,0,71.0,16,20.7,13
Ja'Tavion Sanders,TE,CAR,59.3,3.49,,,,,3.29,39.5,12,56.7,15,0.0,0
Shedrick Jackson,WR,CIN,59.1,3.48,,,,,4.63,13.9,3,0.0,0,0.0,2
Mitchell Tinsley,WR,CIN,58.7,3.45,,,,,3.45,27.6,8,0.0,0,0.0,0
Jackson Hawes,TE,BUF,58.5,3.44,,,,,3.44,44.7,13,0.0,0,0.0,0
Chris Moore,WR,TEN,58.4,3.44,,,,,-0.51,33.1,10,0.0,0,57.3,15
Patrick Taylor,RB,GB,58.4,3.44,,,,,-2.23,0.0,0,28.3,7,24.5,11
Tre Harris,WR,LAC,57.8,3.4,,,,,3.4,54.4,16,0.0,0,0.0,0
Ray-Ray McCloud,WR,SF,57.2,3.37,,,,,-0.14,10.4,6,111.5,17,22.5,12
David Sills,WR,ATL,56.8,3.34,,,,,3.34,40.1,12,0.0,0,0.0,0
Cooper Rush,QB,DAL,56.7,3.34,,,,,-0.04,1.7,4,109.6,12,3.3,7
Darnell Washington,TE,PIT,56.7,3.34,,,,,3.25,57.9,13,35.5,13,9.6,8
Devin Culp,TE,TB,56.5,3.33,,,,,1.77,7.1,4,11.3,2,0.0,0
Trey Lance,QB,DAL,56.2,3.3,,,,,3.38,13.5,4,12.7,4,0.0,0
Dyami Brown,WR,WAS,55.6,3.27,,,,,1.8,39.7,11,52.4,15,29.0,16
Jaylin Noel,WR,HOU,55.4,3.26,,,,,3.26,55.4,17,0.0,0,0.0,0
Will Dissly,TE,SEA,55.2,3.25,,,,,-0.54,15.2,8,85.1,15,31.7,13
Erick All,TE,CIN,54.8,3.22,,,,,0.0,0.0,0,25.8,8,0.0,0
Kyle Philips,WR,TEN,54.4,3.2,,,,,-3.2,0.0,0,0.0,0,25.6,8
Jeremy McNichols,RB,SF,54.4,3.2,,,,,3.76,60.2,16,59.3,15,0.0,2
Xavier Hutchinson,WR,HOU,54.2,3.19,,,,,3.54,80.5,16,17.7,14,17.9,12
Kyle Williams,WR,NE,53.7,3.16,,,,,3.16,44.2,14,0.0,0,0.0,0
Keelan Doss,WR,LAC,53.6,3.15,,,,,-3.15,0.0,0,0.0,0,6.3,2
Jahan Dotson,WR,WAS,53.2,3.13,,,,,-3.15,41.2,15,32.4,14,100.3,17
Brock Wright,TE,DET,53.1,3.13,,,,,1.32,29.8,8,28.5,11,21.6,9
Brandon Johnson,WR,DEN,52.1,3.06,,,,,-6.39,0.0,0,1.4,1,63.9,10
Isaiah Bond,WR,CLE,51.8,3.05,,,,,3.05,45.7,15,0.0,0,0.0,0
Robert Woods,WR,HOU,51.0,3.0,,,,,-4.95,0.0,0,28.3,14,69.3,14
Jared Wayne,WR,HOU,51.0,3.0,,,,,3.0,3.0,1,0.0,0,0.0,0
Damien Harris,RB,BUF,51.0,3.0,,,,,-3.0,0.0,0,0.0,0,18.0,6
Jacoby Jones,WR,WAS,51.0,3.0,,,,,3.0,3.0,1,0.0,0,0.0,0
Brashard Smith,RB,KC,50.8,2.99,,,,,2.99,50.8,17,0.0,0,0.0,0
Ollie Gordon II,RB,MIA,50.6,2.98,,,,,2.98,50.6,17,0.0,0,0.0,0
Odell Beckham Jr.,WR,BAL,50.6,2.98,,,,,-6.43,0.0,0,10.0,8,90.0,14
Malik Heath,WR,GB,50.5,2.97,,,,,-0.51,11.6,7,26.7,5,26.0,12
Malik Davis,RB,DAL,50.5,2.97,,,,,3.96,39.6,10,0.0,0,0.0,1
Blaine Gabbert,QB,KC,50.2,2.95,,,,,-2.95,0.0,0,0.0,0,5.9,2
Ronnie Bell,WR,SF,50.1,2.95,,,,,2.51,9.3,2,3.2,4,27.8,13
Foster Moreau,TE,NO,50.1,2.95,,,,,-1.41,9.4,7,87.3,16,35.8,13
Zavier Scott,RB,MIN,49.8,2.93,,,,,2.93,32.2,11,0.0,0,0.0,0
Daniel Bellinger,TE,NYG,49.7,2.92,,,,,1.14,50.1,13,19.5,12,38.0,14
Bo Melton,WR,GB,49.4,2.91,,,,,-7.77,22.2,13,18.5,13,37.9,4
Elijah Dotson,RB,LAC,49.3,2.9,,,,,-2.9,0.0,0,0.0,0,2.9,1
Clyde Edwards-Helaire,RB,KC,49.3,2.9,,,,,-2.51,3.2,2,8.5,2,61.6,15
Jamaal Williams,RB,NO,49.0,2.88,,,,,-3.98,0.0,0,32.6,14,51.8,13
Jaylin Lane,WR,WAS,49.0,2.88,,,,,2.88,43.2,15,0.0,0,0.0,0
Roschon Johnson,RB,CHI,48.7,2.87,,,,,-5.39,1.7,6,69.4,13,85.1,15
Jalen Guyton,WR,LAC,48.3,2.84,,,,,-2.84,0.0,0,0.0,0,19.9,7
Adam Trautman,TE,DEN,48.2,2.84,,,,,-0.36,35.5,13,37.3,13,49.4,16
Khalil Herbert,RB,CHI,48.2,2.84,,,,,-7.32,6.1,5,26.5,11,102.5,12
Isaiah Hodgins,WR,NYG,48.1,2.83,,,,,0.21,22.5,6,2.2,2,49.5,14
Dorian Thompson-Robinson,QB,CLE,47.7,2.81,,,,,-3.16,0.0,0,15.8,6,22.1,7
Xavier Restrepo,WR,TEN,47.6,2.8,,,,,2.8,5.6,2,0.0,0,0.0,0
Blake Watson,RB,DEN,47.6,2.8,,,,,0.0,0.0,0,2.8,1,0.0,0
Trey Palmer,WR,TB,47.5,2.79,,,,,-4.48,0.0,0,29.2,15,76.2,17
Ty Chandler,RB,MIN,47.0,2.76,,,,,-3.22,7.3,3,25.4,14,90.5,16
Mitchell Evans,TE,CAR,47.0,2.76,,,,,2.76,38.7,14,0.0,0,0.0,0
Zach Wilson,QB,NYJ,46.9,2.76,,,,,-9.65,1.4,4,0.0,0,119.9,12
Justin Watson,WR,KC,46.6,2.74,,,,,-3.53,4.5,3,51.9,15,75.5,15
AJ Dillon,RB,GB,46.4,2.73,,,,,-5.84,7.6,6,0.0,0,106.6,15
Zamir White,RB,LV,46.0,2.71,,,,,-3.59,7.6,5,26.3,8,66.4,13
Jake Funk,RB,IND,45.9,2.7,,,,,-2.7,0.0,0,0.0,0,2.7,1
Nick Muse,TE,MIN,45.9,2.7,,,,,-2.7,0.0,0,0.0,0,2.7,1
Luke Musgrave,TE,GB,45.8,2.69,,,,,-2.43,37.2,13,8.0,7,58.2,11
Dameon Pierce,RB,HOU,45.6,2.68,,,,,-4.72,3.6,5,42.5,10,76.2,14
Shane Zylstra,TE,DET,44.9,2.64,,,,,3.5,3.5,1,2.7,2,0.0,0
Elijah Higgins,TE,ARI,43.9,2.58,,,,,-0.13,43.1,17,39.2,15,29.3,11
Matt Breida,RB,NYG,43.5,2.56,,,,,-2.56,0.0,0,0.0,0,38.4,15
Cedrick Wilson Jr.,WR,MIA,43.2,2.54,,,,,-4.18,6.9,6,41.9,13,58.6,11
Cordarrelle Patterson,RB,ATL,42.8,2.52,,,,,-2.7,0.0,0,31.5,13,32.4,12
Davis Allen,TE,LA,42.7,2.51,,,,,0.46,50.8,15,6.9,7,20.5,7
Mike Strachan,WR,CAR,42.5,2.5,,,,,-2.5,0.0,0,0.0,0,5.0,2
Jakobie Keeney-James,WR,GB,42.5,2.5,,,,,2.5,2.5,1,0.0,0,0.0,0
Nick Vannett,TE,LAC,42.3,2.49,,,,,-0.8,0.0,0,40.0,12,0.8,1
Brian Hoyer,QB,LV,42.0,2.47,,,,,-2.47,0.0,0,0.0,0,4.9,2
Chris Brooks,RB,MIA,42.0,2.47,,,,,-1.99,26.2,17,36.7,11,10.6,3
Israel Abanikanda,RB,NYJ,41.9,2.47,,,,,-2.47,0.0,0,0.0,0,14.8,6
Treylon Burks,WR,TEN,41.8,2.46,,,,,-0.54,24.0,8,5.5,5,31.9,9
Irv Smith,TE,CIN,41.7,2.45,,,,,-2.45,0.0,0,0.0,0,24.5,10
Chris Oladokun,QB,KC,41.5,2.44,,,,,3.73,11.2,3,0.5,1,0.0,0
Dante Pettis,WR,NO,41.5,2.44,,,,,1.9,15.2,8,26.0,8,0.0,0
Michael Bandy,WR,DEN,41.4,2.44,,,,,3.25,13.0,4,0.0,0,0.0,1
Josh Whyle,TE,TEN,41.1,2.42,,,,,-0.19,12.1,6,46.8,15,19.9,9
Gerald Everett,TE,LAC,41.0,2.41,,,,,-5.71,0.0,0,7.6,10,85.6,15
Tyson Bagent,QB,CHI,40.8,2.4,,,,,-9.36,2.6,2,-0.3,4,53.3,5
David Moore,WR,TB,40.8,2.4,,,,,-2.25,2.2,3,69.1,15,17.9,6
Grant Calcaterra,TE,PHI,40.7,2.4,,,,,0.04,18.1,9,47.8,15,5.9,3
Hunter Long,TE,LA,40.2,2.36,,,,,3.79,26.5,7,15.5,11,0.0,1
Mo Alie-Cox,TE,IND,39.9,2.35,,,,,-0.84,24.2,11,26.7,12,42.6,14
Nick Mullens,QB,MIN,39.6,2.33,,,,,-13.36,-0.0,4,1.3,4,66.7,5
Charlie Kolar,TE,BAL,39.6,2.33,,,,,0.38,31.2,13,23.8,10,18.2,9
Cody White,WR,SEA,39.4,2.32,,,,,2.06,16.5,8,5.4,2,0.0,0
Lawrence Cager,TE,NYG,39.4,2.32,,,,,-2.32,0.0,0,0.0,0,11.6,5
Jimmy Horn Jr.,WR,CAR,39.4,2.32,,,,,2.32,23.2,10,0.0,0,0.0,0
Jack Bech,WR,LV,39.3,2.31,,,,,2.31,32.4,14,0.0,0,0.0,0
Hayden Hurst,TE,CAR,39.3,2.31,,,,,-3.71,0.0,0,11.3,7,33.4,9
MarShawn Lloyd,RB,GB,39.1,2.3,113.3,22.4,247,11,0.0,0.0,0,2.3,1,0.0,0
Pierre Strong,RB,CLE,38.9,2.29,,,,,-2.52,0.0,0,28.2,13,40.3,16
Drew Sample,TE,CIN,38.9,2.29,,,,,-0.77,24.4,12,26.5,11,39.3,14
Darius Cooper,WR,PHI,38.8,2.28,,,,,2.28,13.7,6,0.0,0,0.0,0
Jordan Whittington,WR,LA,38.7,2.28,,,,,1.82,27.3,15,41.5,14,0.0,0
Elijah Arroyo,TE,SEA,38.4,2.26,,,,,2.26,29.4,13,0.0,0,0.0,0
Jarrett Stidham,QB,DEN,38.3,2.25,,,,,-13.42,-0.1,1,0.5,2,26.6,2
Luke Schoonmaker,TE,DAL,38.2,2.25,,,,,-0.43,20.2,14,43.6,12,22.5,12
Austin Trammell,WR,LA,37.9,2.23,,,,,0.69,6.1,6,5.0,1,4.9,15
Isaac Guerendo,RB,SF,37.7,2.22,,,,,0.0,0.0,7,88.7,16,0.0,0
Brandon Bolden,RB,LV,37.7,2.22,,,,,-2.22,0.0,0,0.0,0,11.1,5
Robbie Chosen,WR,MIA,37.5,2.21,,,,,-0.83,7.8,3,1.0,1,20.6,6
Cole Turner,TE,WAS,37.2,2.19,,,,,-2.19,0.0,0,0.0,0,17.5,8
Ben Sinnott,TE,WAS,36.9,2.17,,,,,2.54,22.9,9,11.3,7,0.0,0
Damien Williams,RB,ARI,36.8,2.17,,,,,-2.17,0.0,0,0.0,0,6.5,3
Cade Stover,TE,HOU,36.6,2.16,,,,,2.32,13.9,6,26.8,14,0.0,0
Jeff Wilson,RB,MIA,36.3,2.14,,,,,-3.81,0.0,0,9.1,7,34.3,9
Terrell Jennings,RB,NE,36.2,2.13,,,,,2.45,14.7,6,3.3,2,0.0,0
Lynn Bowden,WR,NO,36.1,2.12,,,,,-2.12,0.0,0,0.0,0,17.0,8
Jeremy Ruckert,TE,NYJ,35.9,2.11,,,,,0.22,35.4,14,19.5,14,23.1,10
Nate Adkins,TE,DEN,35.7,2.1,,,,,1.46,13.8,6,36.5,15,4.2,5
Scott Miller,WR,ATL,35.7,2.1,,,,,-0.91,10.7,5,9.4,6,33.6,11
Anthony Miller,WR,BAL,35.7,2.1,,,,,0.0,0.0,0,2.1,1,0.0,0
Stone Smartt,TE,LAC,35.6,2.09,,,,,-0.8,8.7,6,26.8,9,27.0,12
James Mitchell,TE,DET,35.5,2.09,,,,,0.25,4.3,2,0.0,0,3.8,2
Corey Kiner,RB,ARI,35.3,2.08,,,,,2.08,8.3,4,0.0,0,0.0,0
Ryan Miller,WR,TB,35.1,2.06,,,,,1.16,10.4,9,30.8,9,0.0,0
Brycen Hopkins,TE,LA,35.0,2.06,,,,,-2.06,0.0,0,0.0,0,10.3,5
Johnny Mundt,TE,MIN,34.5,2.03,,,,,-1.87,15.6,12,35.7,14,31.7,10
Tyler Badie,RB,DEN,34.4,2.02,,,,,1.62,25.9,16,7.9,3,0.0,0
Konata Mumpfield,WR,LA,34.3,2.02,,,,,2.02,20.2,10,0.0,0,0.0,0
Deuce Vaughn,RB,DAL,34.2,2.01,,,,,-1.92,0.0,0,10.3,5,11.5,6
Jalen Brooks,WR,DAL,34.1,2.01,,,,,-1.81,6.6,5,29.7,12,9.4,3
Nate Carter,RB,ATL,34.0,2.0,,,,,2.0,4.0,2,0.0,0,0.0,0
Mike Woods,WR,CLE,34.0,2.0,,,,,0.0,0.0,0,10.0,5,0.0,0
Jacardia Wright,RB,SEA,34.0,2.0,,,,,2.0,2.0,1,0.0,0,0.0,0
Jonathon Brooks,RB,CAR,34.0,2.0,89.2,11.4,144,5,0.0,0.0,0,6.0,3,0.0,0
Leonard Fournette,RB,BUF,34.0,2.0,,,,,-2.0,0.0,0,0.0,0,4.0,2
Moliki Matavao,TE,NO,34.0,2.0,,,,,2.0,2.0,1,0.0,0,0.0,0
Jalen Reagor,WR,NE,33.9,1.99,,,,,-2.78,0.0,0,11.2,7,25.0,9
Isaiah Williams,WR,CIN,33.8,1.99,,,,,3.18,47.7,15,1.6,8,0.0,0
Brevin Jordan,TE,HOU,33.7,1.98,,,,,-4.24,0.0,0,1.7,2,42.4,10
MyCole Pruitt,TE,ATL,33.2,1.95,,,,,-2.15,0.0,0,13.0,7,21.5,10
Trishton Jackson,WR,MIN,33.2,1.95,,,,,-1.95,0.0,0,0.0,0,3.9,2
Dalvin Cook,RB,NYJ,33.1,1.95,,,,,-2.34,0.0,0,3.5,2,32.7,14
DJ Giddens,RB,IND,32.6,1.92,,,,,1.92,9.6,5,0.0,0,0.0,0
Lucas Krull,TE,DEN,32.5,1.91,,,,,-1.54,2.5,2,24.7,10,19.5,7
Ja'Lynn Polk,WR,NE,32.4,1.91,,,,,0.0,0.0,0,26.7,14,0.0,0
Kenny McIntosh,RB,SEA,32.3,1.9,,,,,0.0,0.0,0,20.9,11,0.0,0
Efton Chism III,WR,NE,31.9,1.88,,,,,1.88,15.0,8,0.0,0,0.0,0
Mason Tipton,WR,NO,31.8,1.87,,,,,1.86,14.9,8,16.9,9,0.0,0
Casey Washington,WR,ATL,31.8,1.87,,,,,2.48,12.4,5,1.9,2,0.0,0
Quintin Morris,TE,BUF,31.7,1.86,,,,,-3.48,14.5,11,12.1,10,9.6,2
Jermar Jefferson,RB,DET,31.5,1.85,,,,,0.0,0.0,0,3.7,2,0.0,0
Keleki Latu,TE,BUF,31.2,1.83,,,,,1.83,5.5,3,0.0,0,0.0,0
Richie James,WR,KC,31.0,1.82,,,,,-1.82,0.0,0,0.0,0,16.4,9
Devine Ozigbo,RB,DET,30.6,1.8,,,,,-1.8,0.0,0,0.0,0,1.8,1
J.J. Taylor,RB,HOU,30.6,1.8,,,,,0.0,0.0,0,5.4,3,0.0,0
Jordan Watkins,WR,SF,30.6,1.8,,,,,1.8,3.6,2,0.0,0,0.0,0
Rakim Jarrett,WR,TB,30.4,1.79,,,,,-1.14,0.0,0,16.9,8,8.0,7
Isaiah Spiller,RB,LAC,30.2,1.78,,,,,-1.78,0.0,0,0.0,0,16.0,9
Hunter Luepke,RB,DAL,30.2,1.77,,,,,1.06,30.5,14,20.9,14,11.2,10
Byron Pringle,WR,WAS,30.2,1.78,,,,,-1.78,0.0,0,0.0,0,23.1,13
Dare Ogunbowale,RB,HOU,30.0,1.77,,,,,0.66,19.1,14,46.5,16,6.3,9
Equanimeous St. Brown,WR,CHI,29.6,1.74,,,,,-1.74,0.0,0,0.0,0,8.7,5
Keith Kirkwood,WR,NO,29.6,1.74,,,,,-1.74,0.0,0,0.0,0,12.2,7
Will Mallory,TE,IND,29.5,1.73,,,,,-0.6,2.1,1,4.9,7,29.7,11
Trenton Irwin,WR,CIN,29.3,1.72,,,,,-4.17,0.0,0,3.0,6,50.1,12
Terrace Marshall Jr.,WR,CAR,29.3,1.72,,,,,-2.92,0.0,0,5.6,5,23.4,8
Savion Williams,WR,GB,29.0,1.71,,,,,1.71,20.5,12,0.0,0,0.0,0
Dont'e Thornton Jr.,WR,LV,28.6,1.68,,,,,1.68,18.5,11,0.0,0,0.0,0
Kenny Yeboah,TE,NYJ,28.5,1.68,,,,,-1.27,0.0,0,13.2,7,3.8,3
Darrynton Evans,RB,MIA,28.4,1.67,,,,,-4.42,0.0,0,0.3,1,26.5,6
Nick Bawden,RB,NYJ,28.3,1.67,,,,,-1.67,0.0,0,0.0,0,10.0,6
Jake Haener,QB,NO,28.1,1.66,,,,,0.0,0.0,0,13.2,8,0.0,0
Luke Farrell,TE,JAX,27.9,1.64,,,,,-0.35,24.0,13,12.7,12,22.0,10
Tylan Wallace,WR,BAL,27.8,1.63,,,,,-0.13,12.5,11,30.8,12,7.6,6
John Bates,TE,WAS,27.7,1.63,,,,,0.54,21.8,10,10.4,13,24.6,15
Xavier Smith,WR,LA,27.6,1.62,,,,,2.46,39.3,16,5.2,14,0.0,0
Chase Claypool,WR,MIA,27.4,1.61,,,,,-1.61,0.0,0,0.0,0,17.7,11
Malachi Corley,WR,NYJ,27.2,1.6,,,,,2.18,26.1,12,3.7,5,0.0,0
Jase McClellan,RB,ATL,27.2,1.6,,,,,0.0,0.0,0,3.2,2,0.0,0
Randall Cobb,WR,NYJ,27.2,1.6,,,,,-1.6,0.0,0,0.0,0,14.4,9
Tahj Washington,WR,MIA,27.2,1.6,,,,,1.6,3.2,2,0.0,0,0.0,0
Ronnie Rivers,RB,LA,27.0,1.59,,,,,-1.19,4.6,6,15.8,6,17.6,9
Jermaine Burton,WR,CIN,27.0,1.59,,,,,0.0,0.0,0,12.7,8,0.0,0
Kene Nwangwu,RB,MIN,26.7,1.57,,,,,0.93,10.9,10,6.0,2,1.3,8
Carson Steele,RB,KC,26.7,1.57,,,,,0.0,0.0,0,20.4,13,0.0,0
Donovan Peoples-Jones,WR,DET,26.7,1.57,,,,,-1.57,0.0,0,0.0,0,22.0,14
Jonathan Mingo,WR,CAR,26.6,1.57,,,,,-3.62,3.0,5,23.7,14,63.3,15
Tyler Goodson,RB,IND,26.4,1.56,,,,,-2.1,4.2,10,38.9,14,15.1,6
Alex Erickson,WR,LAC,26.4,1.55,,,,,-4.65,0.0,0,0.0,3,37.2,8
Andrew Ogletree,TE,IND,26.4,1.55,,,,,-1.86,10.7,11,21.4,12,31.2,11
Julian Hill,TE,MIA,26.3,1.55,,,,,1.56,23.5,11,16.0,14,5.8,10
Ben Sims,TE,GB,26.3,1.55,,,,,-0.18,4.5,3,6.2,4,10.1,6
Gunner Olszewski,WR,NYG,26.2,1.54,,,,,1.55,30.8,16,0.0,0,4.5,12
Payne Durham,TE,TB,26.2,1.54,,,,,-1.18,1.6,8,29.0,8,8.3,6
Brandon Powell,WR,MIN,25.7,1.51,,,,,-3.21,0.0,0,10.6,16,54.6,17
Jake Bobo,WR,SEA,25.6,1.51,,,,,-2.79,3.0,5,23.2,12,47.4,14
Allen Robinson,WR,PIT,25.5,1.5,,,,,-3.0,0.0,0,4.5,6,45.0,15
Laviska Shenault Jr.,WR,CAR,25.5,1.5,,,,,-2.06,0.0,0,12.2,10,16.5,8
Hassan Haskins,RB,LAC,25.2,1.48,,,,,0.73,8.0,11,31.3,12,0.0,0
Kylen Granson,TE,IND,25.2,1.48,,,,,-3.24,7.5,12,25.2,16,58.0,15
Jason Myers,K,SEA,25.2,0.0,125.1,27.8,27,11,0.0,0.0,17,0.0,17,0.0,17
Jalin Hyatt,WR,NYG,24.9,1.47,,,,,-2.75,6.0,6,10.2,10,48.8,13
E.J. Jenkins,TE,PHI,24.5,1.44,,,,,0.0,0.0,1,7.2,2,0.0,0
Rashaad Penny,RB,PHI,24.4,1.43,,,,,-1.43,0.0,0,0.0,0,4.3,3
Ka'imi Fairbairn,K,HOU,24.4,0.0,128.0,26.9,7,8,0.0,0.0,15,0.0,17,0.0,12
Ashton Dulin,WR,IND,24.4,1.44,,,,,1.46,17.5,12,18.2,13,0.0,0
Jamari Thrash,WR,CLE,24.2,1.42,,,,,1.96,15.7,8,3.7,6,0.0,0
Trey Sermon,RB,IND,24.0,1.41,,,,,-2.35,0.0,3,45.8,15,18.8,8
Ian Thomas,TE,CAR,23.9,1.41,,,,,0.98,17.9,9,2.2,3,8.1,8
Cody Schrader,RB,LA,23.8,1.4,,,,,0.0,0.0,0,1.4,1,0.0,0
Kendric Pryor,WR,CIN,23.8,1.4,,,,,0.0,0.0,0,1.4,1,0.0,0
D'Ernest Johnson,RB,JAX,23.6,1.39,,,,,-1.36,2.5,5,29.9,12,29.8,16
Brandon Aubrey,K,DAL,23.6,0.02,129.0,23.1,218,14,0.04,0.6,17,0.0,17,0.0,17
Brandon Allen,QB,SF,23.4,1.38,,,,,0.88,0.9,1,6.4,3,0.0,0
George Holani,RB,SEA,23.4,1.37,,,,,1.98,19.8,10,1.4,3,0.0,0
Simi Fehoko,WR,LAC,23.3,1.37,,,,,-3.7,0.0,7,13.6,6,7.4,2
Seattle Defense,DEF,SEA,23.3,0.0,85.6,7.6,16,11,0.0,0.0,0,0.0,0,0.0,0
KeAndre Lambert-Smith,WR,LAC,23.1,1.36,,,,,1.36,13.6,10,0.0,0,0.0,0
Cameron Dicker,K,LAC,22.8,0.0,139.4,18.3,16,7,0.0,0.0,17,0.0,17,0.0,17
Parris Campbell,WR,NYG,22.8,1.34,,,,,-2.04,0.0,1,12.0,4,20.4,10
Denver Defense,DEF,DEN,22.6,0.0,92.5,9.8,34,10,0.0,0.0,0,0.0,0,0.0,0
KhaDarel Hodge,WR,ATL,22.6,1.33,,,,,-1.58,4.6,8,22.6,11,30.2,14
Tanner Conner,TE,MIA,22.6,1.33,,,,,1.7,13.6,8,3.1,4,0.0,0
JaMycal Hasty,RB,JAX,22.5,1.32,,,,,0.0,0.0,0,23.8,12,0.0,1
Elijah Cooks,WR,JAX,22.5,1.32,,,,,-1.32,0.0,0,0.0,0,5.3,4
Boston Scott,RB,PHI,22.4,1.32,,,,,-1.32,0.0,0,0.0,0,15.8,12
River Cracraft,WR,MIA,22.1,1.3,,,,,-3.77,0.0,2,10.1,5,22.6,6
Braxton Berrios,WR,MIA,22.1,1.3,,,,,-1.1,6.7,4,0.0,6,44.4,16
Blake Bell,TE,KC,22.1,1.3,,,,,-1.3,0.0,0,0.0,0,9.1,7
Harrison Mevis,K,LA,22.0,0.0,141.1,15.4,14,11,0.0,0.0,9,0.0,0,0.0,0
Houston Defense,DEF,HOU,21.9,0.0,98.7,9.1,55,8,0.0,0.0,0,0.0,0,0.0,0
Dylan Drummond,WR,ATL,21.8,1.28,,,,,1.28,7.7,6,0.0,0,0.0,0
Harrison Bryant,TE,CLE,21.6,1.27,,,,,-1.9,1.7,5,13.1,6,31.4,14
Joshua Kelley,RB,LAC,21.5,1.26,,,,,-3.39,0.0,0,0.2,1,57.7,17
Peyton Hendershot,TE,DAL,21.3,1.26,,,,,-0.72,0.0,0,7.6,5,5.8,8
Craig Reynolds,RB,DET,21.3,1.25,,,,,-2.35,0.4,5,19.4,8,29.1,12
Durham Smythe,TE,MIA,21.2,1.25,,,,,-3.52,4.5,7,9.8,14,54.1,13
Jake Bates,K,DET,21.2,0.0,146.5,11.5,13,6,0.0,0.0,17,0.0,17,0.0,0
LA Rams Defense,DEF,LAR,21.2,0.0,103.5,9.1,124,11,0.0,0.0,0,0.0,0,0.0,0
Mecole Hardman,WR,KC,21.0,1.24,,,,,-2.89,0.0,2,27.2,12,20.2,7
LeQuint Allen Jr.,RB,JAX,21.0,1.24,,,,,1.24,19.8,16,0.0,0,0.0,0
Johnny Wilson,WR,PHI,20.9,1.23,,,,,0.0,0.0,0,12.3,10,0.0,0
Trent Sherfield,WR,BUF,20.8,1.22,,,,,-0.93,3.6,4,18.3,13,20.1,11
Brevyn Spann-Ford,TE,DAL,20.7,1.21,,,,,1.22,19.5,16,13.3,11,0.0,0
Trayveon Williams,RB,CIN,20.6,1.21,,,,,1.47,13.1,6,0.0,5,11.4,16
Minnesota Defense,DEF,MIN,20.5,0.0,106.4,12.9,13,6,0.0,0.0,0,0.0,0,0.0,0
Willie Snead,WR,SF,20.4,1.2,,,,,-1.2,0.0,0,0.0,0,2.4,2
John FitzPatrick,TE,ATL,20.4,1.2,,,,,1.18,19.2,11,0.7,1,1.7,3
Marquise Goodwin,WR,CLE,20.4,1.2,,,,,-1.2,0.0,0,0.0,0,12.0,10
Will Reichard,K,MIN,20.4,0.0,148.9,22.7,14,6,0.0,0.0,17,0.0,13,0.0,0
Dallin Holker,TE,NO,20.4,1.2,,,,,0.0,0.0,0,3.6,3,0.0,0
Bryce Ford-Wheaton,WR,NYG,20.4,1.2,,,,,0.0,0.0,0,6.0,5,0.0,0
Tyrion Davis-Price,RB,SF,19.8,1.17,,,,,-2.1,0.0,0,0.7,1,2.1,1
New England Defense,DEF,NE,19.8,0.0,121.8,13.7,40,11,0.0,0.0,0,0.0,0,0.0,0
Derius Davis,WR,LAC,19.7,1.16,,,,,-1.55,2.5,11,33.6,15,30.2,17
Isaiah McKenzie,WR,IND,19.7,1.16,,,,,-1.16,0.0,0,0.0,0,15.1,13
Harrison Butker,K,KC,19.6,0.0,149.5,21.8,17,5,0.0,0.0,17,0.0,13,0.0,17
Malik Taylor,WR,NYJ,19.5,1.15,,,,,-1.15,0.0,0,0.0,0,2.3,2
Eric Saubert,TE,HOU,19.3,1.13,,,,,-0.11,7.1,9,21.2,12,2.7,3
Philadelphia Defense,DEF,PHI,19.1,0.0,132.2,19.0,45,10,0.0,0.0,0,0.0,0,0.0,0
Anthony Firkser,TE,KC,19.0,1.12,,,,,1.86,9.3,5,0.0,1,0.0,0
Chase McLaughlin,K,TB,18.8,0.0,150.1,17.1,16,10,0.0,0.0,17,0.0,17,0.0,17
John Ross,WR,PHI,18.7,1.1,,,,,0.0,0.0,0,1.1,1,0.0,0
Cole Fotheringham,TE,LV,18.7,1.1,,,,,-1.1,0.0,0,0.0,0,1.1,1
DJ Turner,WR,LV,18.5,1.09,,,,,0.0,0.0,1,39.1,12,0.0,7
Detroit Defense,DEF,DET,18.4,0.0,133.3,10.0,23,6,0.0,0.0,0,0.0,0,0.0,0
Mike Boone,RB,HOU,18.4,1.08,,,,,-1.09,0.0,0,5.4,5,9.8,9
Jack Stoll,TE,PHI,18.1,1.06,,,,,0.46,13.6,9,2.0,5,6.3,6
Will Shipley,RB,PHI,18.1,1.06,,,,,1.07,15.0,14,13.7,13,0.0,0
Cam Little,K,JAX,18.0,0.0,156.4,19.5,61,7,0.0,0.0,17,0.0,17,0.0,0
Sal Cannella,TE,CLE,17.9,1.05,,,,,1.05,2.1,2,0.0,0,0.0,0
Kenyan Drake,RB,GB,17.9,1.05,,,,,-1.05,0.0,0,0.0,0,2.1,2
Grant DuBose,WR,MIA,17.9,1.05,,,,,0.0,0.0,0,2.1,2,0.0,0
Cam Grandy,TE,CIN,17.7,1.04,,,,,0.85,1.7,2,5.3,4,0.0,0
Pittsburgh Defense,DEF,PIT,17.7,0.0,137.1,16.1,38,9,0.0,0.0,0,0.0,0,0.0,0
Rasheen Ali,RB,BAL,17.6,1.04,,,,,1.31,19.7,15,3.1,5,0.0,0
Evan Hull,RB,IND,17.6,1.04,,,,,-0.22,5.9,6,0.0,0,1.2,1
Ben Skowronek,WR,LA,17.6,1.04,,,,,-0.41,14.9,16,9.4,9,17.5,13
Samori Toure,WR,GB,17.5,1.03,,,,,-0.93,0.8,1,0.0,0,13.8,8
Josiah Deguara,TE,GB,17.3,1.02,,,,,0.2,9.6,7,2.9,7,10.5,9
Bryce Oliver,WR,TEN,17.3,1.02,,,,,0.65,1.3,2,12.5,8,0.0,0
Elijah Mitchell,RB,SF,17.2,1.01,,,,,-4.05,0.0,1,0.0,0,44.5,11
Cairo Santos,K,CHI,17.2,0.0,160.2,18.9,8,10,0.0,0.0,15,0.0,17,0.0,17
Marvin Jones,WR,DET,17.0,1.0,,,,,-1.0,0.0,0,0.0,0,4.0,4
LA Chargers Defense,DEF,LAC,17.0,0.0,144.9,15.8,45,7,0.0,0.0,0,0.0,0,0.0,0
Tip Reiman,TE,ARI,16.9,0.99,,,,,1.1,3.3,3,6.7,8,0.0,0
Brycen Tremayne,WR,WAS,16.7,0.98,,,,,1.53,23.0,15,0.3,2,0.0,0
Tyler Loop,K,BAL,16.4,0.0,162.3,27.7,24,13,0.0,0.0,17,0.0,0,0.0,0
Tim Jones,WR,JAX,16.4,0.96,,,,,-0.38,2.0,2,5.6,8,13.8,10
Jacksonville Defense,DEF,JAX,16.3,0.0,157.8,17.2,76,7,0.0,0.0,0,0.0,0,0.0,0
Jashaun Corbin,RB,NYG,15.9,0.93,,,,,-0.93,0.0,0,0.0,0,2.8,3
Charlie Woerner,TE,SF,15.8,0.93,,,,,0.79,8.8,7,8.1,12,4.7,10
Kadarius Toney,WR,KC,15.7,0.92,,,,,-3.04,0.0,0,-0.4,3,39.5,13
James Proche,WR,CLE,15.7,0.92,,,,,1.58,9.5,6,3.6,9,0.0,10
Skyy Moore,WR,KC,15.6,0.92,,,,,-2.6,12.3,17,0.0,3,43.2,13
Baltimore Defense,DEF,BAL,15.6,0.0,160.5,20.1,52,13,0.0,0.0,0,0.0,0,0.0,0
Evan McPherson,K,CIN,15.6,0.0,164.9,22.8,9,6,0.0,0.0,17,0.0,12,0.0,17
Xavier Gipson,WR,NYJ,15.4,0.91,,,,,-2.8,1.6,6,13.4,17,52.2,17
Deven Thompkins,WR,TB,15.4,0.91,,,,,-0.88,4.7,7,4.7,5,26.4,17
Zaire Mitchell-Paden,TE,NO,15.3,0.9,,,,,0.9,2.7,3,0.0,0,0.0,0
Blake Whiteheart,TE,CLE,15.3,0.9,,,,,0.16,1.4,9,14.1,7,0.0,0
Hendon Hooker,QB,DET,15.2,0.89,,,,,0.0,0.0,0,2.7,3,0.0,0
Jason Brownlee,WR,NYJ,15.0,0.88,,,,,-3.53,0.0,3,0.0,0,14.1,4
Beaux Collins,WR,NYG,14.9,0.88,,,,,0.88,3.5,4,0.0,0,0.0,0
Atlanta Defense,DEF,ATL,14.9,0.0,162.6,14.1,37,11,0.0,0.0,0,0.0,0,0.0,0
Xavier Weaver,WR,ARI,14.9,0.87,,,,,1.46,10.2,7,0.0,2,0.0,0
Tyler Scott,WR,CHI,14.8,0.87,,,,,-2.11,0.0,0,1.0,4,27.4,13
Eddy Piñeiro,K,SF,14.8,0.0,166.4,22.9,19,8,0.0,0.0,0,0.0,0,0.0,0
Dan Chisena,WR,ARI,14.7,0.87,,,,,0.0,0.0,0,5.2,4,0.0,1
Derrick Gore,RB,WAS,14.7,0.87,,,,,-0.87,0.0,0,0.0,0,2.6,3
Geoff Swaim,TE,ARI,14.7,0.87,,,,,-1.8,0.0,0,1.2,3,14.4,8
Pharaoh Brown,TE,NE,14.7,0.87,,,,,-2.63,1.1,5,8.5,10,31.3,11
Mike White,QB,MIA,14.6,0.86,,,,,-0.34,0.0,0,1.1,1,2.1,6
Raheem Blackshear,RB,CAR,14.5,0.86,,,,,-1.57,0.0,0,8.0,16,14.1,9
Mitchell Wilcox,TE,CIN,14.3,0.84,,,,,-0.84,0.0,0,0.0,0,10.1,12
Gage Larvadain,WR,CLE,14.3,0.84,,,,,0.84,10.9,13,0.0,0,0.0,0
Jordan Mims,RB,NO,14.2,0.84,,,,,0.0,0.0,1,20.1,8,0.0,2
Buffalo Defense,DEF,BUF,14.2,0.0,165.8,18.2,38,7,0.0,0.0,0,0.0,0,0.0,0
Velus Jones Jr.,WR,CHI,14.2,0.84,,,,,-0.06,3.2,5,2.4,2,9.1,13
Kaleb Johnson,RB,PIT,14.1,0.83,,,,,0.83,8.3,10,0.0,0,0.0,0
Tucker Fisk,TE,ATL,14.1,0.83,,,,,0.03,2.9,4,7.4,7,1.4,2
Ihmir Smith-Marsette,WR,CAR,14.0,0.83,,,,,-1.68,0.0,0,6.0,15,28.5,17
Trey Smack,K,GB,14.0,0.0,168.0,22.2,5,11,0.0,0.0,0,0.0,0,0.0,0
Brenden Bates,TE,CLE,13.9,0.82,,,,,1.36,6.8,5,0.0,1,0.0,0
Patrick Ricard,RB,BAL,13.8,0.81,,,,,-1.64,1.6,5,9.7,10,13.7,7
Charlie Jones,WR,CIN,13.7,0.81,,,,,-1.14,6.0,14,7.0,7,17.2,11
Amar Johnson,RB,LAC,13.6,0.8,,,,,0.8,0.8,1,0.0,0,0.0,0
Drake Dabney,TE,GB,13.6,0.8,,,,,0.8,0.8,1,0.0,0,0.0,0
Cleveland Defense,DEF,CLE,13.5,0.0,173.0,14.7,28,11,0.0,0.0,0,0.0,0,0.0,0
Dee Eskridge,WR,SEA,13.4,0.79,,,,,0.62,8.2,11,5.9,5,0.5,4
Britain Covey,WR,PHI,13.2,0.78,,,,,0.09,3.0,6,6.9,5,6.2,15
Wil Lutz,K,DEN,13.2,0.0,172.6,15.7,9,10,0.0,0.0,17,0.0,17,0.0,17
Arian Smith,WR,NYJ,13.1,0.77,,,,,0.77,10.0,13,0.0,0,0.0,0
Jamal Agnew,WR,JAX,12.9,0.76,,,,,-3.03,0.0,11,0.0,0,33.3,11
Jared Wiley,TE,KC,12.8,0.75,,,,,0.45,0.9,2,1.2,1,0.0,0
Deon Jackson,RB,NYG,12.8,0.75,,,,,-0.75,0.0,0,0.0,0,1.5,2
Jaheim Bell,TE,NE,12.8,0.75,,,,,0.0,0.0,0,3.0,4,0.0,0
Tennessee Defense,DEF,TEN,12.8,0.0,180.8,14.5,5,9,0.0,0.0,0,0.0,0,0.0,0
Trevor Etienne,RB,CAR,12.2,0.72,,,,,0.72,12.2,17,0.0,0,0.0,0
Deonte Harty,WR,BUF,12.2,0.72,,,,,-2.16,0.0,0,0.0,5,34.5,16
Jacob Cowing,WR,SF,12.1,0.71,,,,,0.0,0.0,0,10.7,15,0.0,0
David Martin-Robinson,TE,TEN,12.1,0.71,,,,,1.0,11.0,11,1.1,4,0.0,0
DeeJay Dallas,RB,SEA,12.0,0.71,,,,,-0.12,2.1,5,19.5,16,9.2,17
Jaren Hall,QB,MIN,12.0,0.71,,,,,-0.71,0.0,0,0.0,0,2.1,3
Alex Armah,RB,WAS,11.9,0.7,,,,,-0.7,0.0,0,0.0,0,2.8,4
Kwamie Lassiter II,WR,CIN,11.9,0.7,,,,,-0.7,0.0,0,0.0,0,0.7,1
Jalen Royals,WR,KC,11.9,0.7,,,,,0.7,1.4,2,0.0,0,0.0,0
Anthony McFarland,RB,PIT,11.9,0.7,,,,,-0.7,0.0,0,0.0,0,2.1,3
Teddy Bridgewater,QB,DET,11.4,0.67,,,,,1.16,2.9,3,0.0,0,-0.2,1
Ty Montgomery,WR,NE,11.4,0.67,,,,,-0.67,0.0,0,0.0,0,7.4,11
Kameron Johnson,WR,TB,11.3,0.66,,,,,0.92,15.7,17,1.1,4,0.0,0
Mason Kinsey,WR,TEN,11.3,0.66,,,,,0.78,5.8,6,2.7,6,1.1,6
C.J. Uzomah,TE,NYJ,11.2,0.66,,,,,-1.98,0.0,0,0.0,2,15.8,8
Collin Johnson,WR,CHI,11.1,0.66,,,,,-1.6,0.0,0,1.1,6,1.6,1
Chris Manhertz,TE,DEN,11.0,0.65,,,,,-0.07,1.2,4,10.5,8,2.6,7
Sean Clifford,QB,GB,10.9,0.64,,,,,-0.64,0.0,0,0.0,0,1.3,2
Chase Edmonds,RB,TB,10.7,0.63,,,,,-2.52,0.0,3,0.0,0,32.7,13
Ke'Shawn Vaughn,RB,TB,10.7,0.63,,,,,-1.08,0.0,0,0.4,1,5.4,5
British Brooks,RB,HOU,10.6,0.62,,,,,0.97,7.8,8,0.2,2,0.0,0
Nikko Remigio,WR,KC,10.6,0.62,,,,,0.26,3.7,14,5.8,5,0.0,0
Stephen Sullivan,TE,CAR,10.5,0.62,,,,,-1.85,0.0,0,0.0,1,18.5,10
Brett Rypien,QB,LA,10.2,0.6,,,,,-2.39,0.0,1,0.0,0,4.8,2
Max Brosmer,QB,MIN,10.2,0.6,,,,,0.6,4.2,7,0.0,0,0.0,0
Keaontay Ingram,RB,ARI,9.7,0.57,,,,,-1.71,0.0,0,0.0,1,12.0,7
Robert Tonyan,TE,CHI,9.7,0.57,,,,,-1.09,0.6,2,0.0,0,16.7,12
Aaron Shampklin,RB,PIT,9.6,0.57,,,,,0.0,0.0,0,1.7,3,0.0,0
Clayton Tune,QB,ARI,9.6,0.56,,,,,-0.26,2.0,2,-2.1,5,7.5,6
Tom Kennedy,WR,DET,9.5,0.56,,,,,0.93,5.6,6,0.0,3,0.0,0
Jonathan Ward,RB,TEN,9.4,0.55,,,,,-0.55,0.0,0,2.2,4,1.1,2
Tyreik McAllister,WR,LV,9.4,0.55,,,,,0.0,0.0,0,1.1,2,0.0,0
Josh Williams,RB,TB,9.4,0.55,,,,,0.55,1.1,2,0.0,0,0.0,0
Chris Evans,RB,CIN,9.1,0.53,,,,,-0.53,0.0,0,0.0,0,1.6,3
Trent Taylor,WR,CHI,9.0,0.53,,,,,0.01,0.0,0,1.6,2,-0.2,15
Devin Duvernay,WR,BAL,8.9,0.53,,,,,-0.2,3.6,17,13.7,13,5.3,13
Myles Gaskin,RB,MIN,8.7,0.51,,,,,0.6,0.6,1,1.5,4,0.0,0
Eric Gray,RB,NYG,8.6,0.51,,,,,-1.0,0.0,1,14.3,14,10.0,10
Zach Davidson,TE,BUF,8.5,0.5,,,,,0.0,0.0,0,1.0,2,0.0,0
James Robinson,RB,GB,8.5,0.5,,,,,-0.5,0.0,0,0.0,0,0.5,1
Tahj Brooks,RB,CIN,8.4,0.49,,,,,0.49,5.9,12,0.0,0,0.0,0
Alex Bachman,WR,LV,8.3,0.49,,,,,0.2,2.2,11,4.6,5,0.0,0
Zach Evans,RB,LA,8.1,0.47,,,,,-0.47,0.0,0,0.0,0,1.9,4
Julius Chestnut,RB,TEN,7.9,0.47,,,,,0.25,4.0,16,12.3,12,0.0,1
Justyn Ross,WR,KC,7.8,0.46,,,,,-1.38,0.0,0,0.0,1,8.3,6
Jelani Woods,TE,NYJ,7.6,0.45,,,,,0.45,0.9,2,0.0,0,0.0,0
Chris Blair,WR,ATL,7.5,0.44,,,,,0.0,0.0,1,2.2,2,0.0,0
Ross Dwelley,TE,SF,7.4,0.44,,,,,-0.43,1.7,4,1.0,4,1.7,2
Trevon Wesco,TE,TEN,7.4,0.43,,,,,-0.43,0.0,0,0.0,0,2.6,6
Miles Boykin,WR,PIT,6.8,0.4,,,,,-0.4,0.0,0,0.0,0,3.2,8
Ramel Keyton,WR,LV,6.8,0.4,,,,,0.0,0.0,0,1.2,3,0.0,0
Ben Yurosek,TE,MIN,6.8,0.4,,,,,0.4,2.4,6,0.0,0,0.0,0
John Shenker,TE,LV,6.8,0.4,,,,,0.0,0.0,0,1.2,3,0.0,0
Eric Tomlinson,TE,LAC,6.5,0.38,,,,,0.0,0.0,0,1.9,5,0.0,0
AJ McCarron,QB,CIN,6.5,0.38,,,,,-0.38,0.0,0,0.0,0,0.8,2
Gary Brightwell,RB,NYG,6.4,0.38,,,,,-2.27,0.0,2,0.0,1,9.1,4
DeAndre Carter,WR,LV,6.4,0.38,,,,,-0.45,0.0,4,11.7,13,7.7,17
Dareke Young,WR,SEA,6.2,0.36,,,,,0.72,5.8,8,0.0,7,0.0,1
Erik Ezukanma,WR,MIA,6.2,0.37,,,,,-1.1,0.0,0,0.0,1,2.2,2
Teagan Quitoriano,TE,HOU,6.1,0.36,,,,,-1.43,0.0,2,0.0,0,4.3,3
KC Concepcion,WR,CLE,6.0,0.0,113.5,7.3,106,11,0.0,0.0,0,0.0,0,0.0,0
Antoine Green,WR,DET,5.9,0.35,,,,,-0.35,0.0,0,0.0,0,0.7,2
Marcedes Lewis,TE,CHI,5.9,0.35,,,,,-1.82,0.0,1,0.7,5,10.9,6
Tai Felton,WR,MIN,5.7,0.33,,,,,0.33,4.0,12,0.0,0,0.0,0
Andre Baccellia,WR,ARI,5.7,0.34,,,,,0.45,1.8,4,0.0,0,0.0,1
Joseph Fortson,TE,KC,5.7,0.33,,,,,0.0,0.0,0,1.0,3,0.0,0
Sione Vaki,RB,DET,5.5,0.32,,,,,0.05,0.4,8,6.6,9,0.0,0
Owen Wright,RB,TB,5.1,0.3,,,,,0.3,0.6,2,0.0,0,0.0,0
Javon Baker,WR,NE,4.8,0.28,,,,,0.0,0.0,0,1.7,6,0.0,0
Carter Runyon,TE,LV,4.5,0.27,,,,,0.27,0.8,3,0.0,0,0.0,0
Cody Thompson,WR,SEA,4.2,0.25,,,,,-0.75,0.0,0,0.0,1,1.5,2
Reggie Gilliam,RB,BUF,4.0,0.23,,,,,0.19,3.8,11,0.7,7,0.8,5
Steven Sims,WR,HOU,3.9,0.23,,,,,-1.37,0.0,3,0.0,9,4.1,3
Anthony Gould,WR,IND,3.9,0.23,,,,,0.15,1.6,11,2.8,8,0.0,0
Chris Collier,RB,LV,3.7,0.22,,,,,0.0,0.0,0,1.3,6,0.0,0
Kendall Milton,RB,CIN,3.4,0.2,,,,,0.2,0.2,1,0.0,0,0.0,0
Colton Dowell,WR,TEN,3.4,0.2,,,,,-0.2,0.0,0,0.0,0,0.8,4
Travis Homer,RB,CHI,3.3,0.19,,,,,-0.03,-0.2,8,4.9,8,0.0,7
Jesper Horsted,TE,LV,3.1,0.18,,,,,-0.18,0.0,0,0.0,0,0.9,5
Ke'Shawn Williams,WR,CIN,3.1,0.18,,,,,0.18,2.0,11,0.0,0,0.0,0
Kalel Mullings,RB,TEN,3.0,0.17,,,,,0.17,0.7,4,0.0,0,0.0,0
Laquon Treadwell,WR,BAL,3.0,0.18,,,,,-0.7,0.0,6,0.0,0,2.1,3
Colson Yankoff,TE,WAS,2.9,0.17,,,,,0.28,2.8,10,0.0,4,0.0,0
Kevin Rader,TE,TEN,2.7,0.16,,,,,-0.16,0.0,0,0.0,0,1.1,7
Kyle Allen,QB,BUF,2.4,0.14,,,,,0.07,-0.3,2,0.8,1,-1.3,6
Zach Pascal,WR,ARI,2.2,0.13,,,,,-0.39,0.0,0,0.0,3,3.9,10
Jack Westover,TE,NE,2.1,0.12,,,,,0.12,0.5,4,0.0,0,0.0,0
Ben VanSumeren,RB,PHI,1.9,0.11,,,,,0.0,0.0,0,0.5,3,0.0,5
Ko Kieft,TE,TB,1.9,0.11,,,,,-0.67,0.0,2,0.0,3,6.7,10
Jacob Saylors,RB,DET,1.7,0.1,,,,,0.1,1.1,11,0.0,0,0.0,0
Feleipe Franks,TE,CAR,1.7,0.1,,,,,0.04,0.4,10,1.7,9,0.0,0
Giovanni Ricci,TE,CAR,1.5,0.09,,,,,-0.35,0.0,2,0.0,0,0.7,2
Malik Cunningham,WR,NE,1.3,0.08,,,,,0.1,0.1,1,0.0,0,0.0,1
Jha'Quan Jackson,WR,TEN,1.1,0.07,,,,,0.0,0.0,0,0.8,12,0.0,0
Jaelon Darden,WR,CLE,1.1,0.07,,,,,0.0,0.0,0,1.1,11,0.0,1
Jakob Johnson,RB,LV,0.6,0.04,,,,,-0.21,0.0,2,0.0,1,1.7,8
Dylan Laube,RB,LV,0.3,0.01,,,,,0.25,4.2,17,-2.0,6,0.0,0
Emmett Johnson,RB,KC,0.0,0.0,165.4,24.7,5,5,0.0,0.0,0,0.0,0,0.0,0
De'Zhaun Stribling,WR,SF,0.0,0.0,124.6,12.6,226,8,0.0,0.0,0,0.0,0,0.0,0
Denzel Boston,WR,CLE,0.0,0.0,137.1,8.5,22,11,0.0,0.0,0,0.0,0,0.0,0
Caleb Douglas,WR,MIA,0.0,0.0,175.2,20.2,10,6,0.0,0.0,0,0.0,0,0.0,0
Ja'Kobi Lane,WR,BAL,0.0,0.0,157.0,14.6,24,13,0.0,0.0,0,0.0,0,0.0,0
Mike Washington Jr.,RB,LV,0.0,0.0,161.7,25.9,37,13,0.0,0.0,0,0.0,0,0.0,0
Makai Lemon,WR,PHI,0.0,0.0,122.7,9.5,63,10,0.0,0.0,0,0.0,0,0.0,0
Jonah Coleman,RB,DEN,0.0,0.0,157.1,32.9,14,10,0.0,0.0,0,0.0,0,0.0,0
Chris Bell,WR,MIA,0.0,0.0,160.2,25.3,5,6,0.0,0.0,0,0.0,0,0.0,0
Kaelon Black,RB,SF,0.0,0.0,160.0,32.4,8,8,0.0,0.0,0,0.0,0,0.0,0
